{
	"credit": "Made with Blockbench",
	"parent": "trost",
	"texture_size": [32, 32],
	"textures": {
		"0": "./trost",
		"particle": "./trost"
	},
	"elements": [
		{
			"from": [7, 0, 7],
			"to": [9, 18, 9],
			"rotation": {"angle": 0, "axis": "y", "origin": [8, 0, 8]},
			"faces": {
				"north": {"uv": [0, 0, 1, 9], "texture": "#0"},
				"east": {"uv": [1, 0, 2, 9], "texture": "#0"},
				"south": {"uv": [2, 0, 3, 9], "texture": "#0"},
				"west": {"uv": [3, 0, 4, 9], "texture": "#0"},
				"up": {"uv": [7, 4, 6, 3], "texture": "#0"},
				"down": {"uv": [7, 4, 6, 5], "texture": "#0"}
			}
		},
		{
			"from": [7, 18, 7],
			"to": [9, 20, 13],
			"rotation": {"angle": 0, "axis": "y", "origin": [8, 0, 8]},
			"faces": {
				"north": {"uv": [4, 4, 6, 5.5], "texture": "#0"},
				"east": {"uv": [4, 5.5, 6, 7], "texture": "#0"},
				"south": {"uv": [6, 0, 8, 1.5], "texture": "#0"},
				"west": {"uv": [6, 1.5, 8, 3], "texture": "#0"},
				"up": {"uv": [6, 2, 4, 0], "texture": "#0"},
				"down": {"uv": [6, 2, 4, 4], "texture": "#0"}
			}
		},
		{
			"from": [7, 17, 11],
			"to": [9, 18, 13],
			"rotation": {"angle": 0, "axis": "y", "origin": [8, -1, 6]},
			"faces": {
				"north": {"uv": [4, 4, 6, 5.5], "texture": "#0"},
				"east": {"uv": [4, 5.5, 6, 7], "texture": "#0"},
				"south": {"uv": [6, 0, 8, 1.5], "texture": "#0"},
				"west": {"uv": [6, 1.5, 8, 3], "texture": "#0"},
				"up": {"uv": [6, 2, 4, 0], "texture": "#0"},
				"down": {"uv": [6, 2, 4, 4], "texture": "#0"}
			}
		}
	],
	"display": {
		"thirdperson_righthand": {
			"rotation": [90, 0, 0],
			"translation": [0, -0.5, -6.25],
			"scale": [1, 0.6, 0.70898]
		},
		"thirdperson_lefthand": {
			"rotation": [90, 0, 0],
			"translation": [0, -0.5, -6.5],
			"scale": [1, 0.6, 0.70898]
		},
		"firstperson_righthand": {
			"translation": [0.75, 0, -1.75]
		},
		"firstperson_lefthand": {
			"translation": [-1.5, 0, -2.25]
		},
		"ground": {
			"rotation": [81, 123, 0]
		},
		"gui": {
			"rotation": [23, 37, 0],
			"translation": [0, -1.75, 0],
			"scale": [1, 0.8, 1]
		},
		"fixed": {
			"rotation": [0, 100, 0],
			"translation": [0, -2.25, 0]
		}
	}
}