{
	"credit": "Made with Blockbench",
	"parent": "hat",
	"texture_size": [128, 128],
	"textures": {
		"0": "./anor_statue",
		"particle": "./anor_statue"
	},
	"elements": [
		{
			"name": "hat",
			"from": [-4.8, 29, -4.8],
			"to": [4.8, 30, 4.8],
			"faces": {
				"north": {"uv": [5.125, 4.5, 6.25, 4.625], "texture": "#0"},
				"east": {"uv": [4, 4.5, 5.125, 4.625], "texture": "#0"},
				"south": {"uv": [7.375, 4.5, 8.5, 4.625], "texture": "#0"},
				"west": {"uv": [6.25, 4.5, 7.375, 4.625], "texture": "#0"},
				"up": {"uv": [6.25, 4.5, 5.125, 3.375], "texture": "#0"},
				"down": {"uv": [7.375, 3.375, 6.25, 4.5], "texture": "#0"}
			}
		},
		{
			"name": "hat",
			"from": [-4.1, 29.3, -4.1],
			"to": [4.1, 31, 4.1],
			"faces": {
				"north": {"uv": [4, 5.625, 5, 5.75], "texture": "#0"},
				"east": {"uv": [3, 5.625, 4, 5.75], "texture": "#0"},
				"south": {"uv": [6, 5.625, 7, 5.75], "texture": "#0"},
				"west": {"uv": [5, 5.625, 6, 5.75], "texture": "#0"},
				"up": {"uv": [5, 5.625, 4, 4.625], "texture": "#0"},
				"down": {"uv": [6, 4.625, 5, 5.625], "texture": "#missing"}
			}
		}
	],
	"display": {
		"thirdperson_righthand": {
			"rotation": [-20.75, 0, 0],
			"translation": [7.5, -18.25, 14.25]
		},
		"thirdperson_lefthand": {
			"rotation": [-10.25, -0.69, 0.29],
			"translation": [-7, -19.75, 11.25]
		},
		"firstperson_righthand": {
			"translation": [5.5, -18, 6.25]
		},
		"firstperson_lefthand": {
			"translation": [-6, -22, 0.75]
		},
		"ground": {
			"translation": [8.25, -23.25, 6.5]
		},
		"gui": {
			"translation": [16.5, -44.25, 0],
			"scale": [2, 2, 2]
		},
		"head": {
			"translation": [12, -26.25, 12],
			"scale": [1.5, 1.5, 1.5]
		},
		"fixed": {
			"rotation": [-90, 0, 0],
			"translation": [16, 15.75, 42],
			"scale": [2, 2, 2]
		}
	},
	"groups": [
		{
			"name": "hat",
			"origin": [0, 37.7, 0],
			"color": 3,
			"children": [0, 1]
		}
	]
}