{
	"credit": "Made with Blockbench",
	"parent": "comp",
	"texture_size": [64, 64],
	"textures": {
		"0": "./comp",
		"particle": "./comp"
	},
	"elements": [
		{
			"name": "bb_main",
			"from": [-5, 0, -4],
			"to": [5, 3, 5],
			"faces": {
				"north": {"uv": [2.25, 6, 4.75, 6.75], "texture": "#0"},
				"east": {"uv": [0, 6, 2.25, 6.75], "texture": "#0"},
				"south": {"uv": [7, 6, 9.5, 6.75], "texture": "#0"},
				"west": {"uv": [4.75, 6, 7, 6.75], "texture": "#0"},
				"up": {"uv": [4.75, 6, 2.25, 3.75], "texture": "#0"},
				"down": {"uv": [7.25, 3.75, 4.75, 6], "texture": "#0"}
			}
		},
		{
			"name": "bb_main",
			"from": [-5, 3, -3],
			"to": [5, 9, 6],
			"faces": {
				"north": {"uv": [2.25, 2.25, 4.75, 3.75], "texture": "#0"},
				"east": {"uv": [0, 2.25, 2.25, 3.75], "texture": "#0"},
				"south": {"uv": [7, 2.25, 9.5, 3.75], "texture": "#0"},
				"west": {"uv": [4.75, 2.25, 7, 3.75], "texture": "#0"},
				"up": {"uv": [4.75, 2.25, 2.25, 0], "texture": "#0"},
				"down": {"uv": [7.25, 0, 4.75, 2.25], "texture": "#0"}
			}
		},
		{
			"name": "bb_main",
			"from": [-5.1, 8.9, -3.4],
			"to": [5.1, 10.9, 2.6],
			"rotation": {"angle": 22.5, "axis": "x", "origin": [0, 9, -3]},
			"faces": {
				"north": {"uv": [1.5, 8.25, 4, 8.75], "texture": "#0"},
				"east": {"uv": [0, 8.25, 1.5, 8.75], "texture": "#0"},
				"south": {"uv": [5.5, 8.25, 8, 8.75], "texture": "#0"},
				"west": {"uv": [4, 8.25, 5.5, 8.75], "texture": "#0"},
				"up": {"uv": [4, 8.25, 1.5, 6.75], "texture": "#0"},
				"down": {"uv": [6.5, 6.75, 4, 8.25], "texture": "#0"}
			}
		},
		{
			"name": "bb_main",
			"from": [-5.2, 2.9481, -4.75281],
			"to": [5.2, 10.9481, -3.05281],
			"rotation": {"angle": 0, "axis": "x", "origin": [0, 3, -3]},
			"faces": {
				"north": {"uv": [7.5, 0.25, 10, 2.25], "texture": "#0"},
				"east": {"uv": [7.25, 0.25, 7.5, 2.25], "texture": "#0"},
				"south": {"uv": [10.25, 0.25, 12.75, 2.25], "texture": "#0"},
				"west": {"uv": [10, 0.25, 10.25, 2.25], "texture": "#0"},
				"up": {"uv": [10, 0.25, 7.5, 0], "texture": "#0"},
				"down": {"uv": [12.5, 0, 10, 0.25], "texture": "#0"}
			}
		}
	],
	"display": {
		"thirdperson_righthand": {
			"translation": [3.5, 3.25, 3.25],
			"scale": [0.5, 0.5, 0.5]
		},
		"thirdperson_lefthand": {
			"translation": [-4.25, 2.25, 3],
			"scale": [0.5, 0.5, 0.5]
		},
		"firstperson_righthand": {
			"translation": [8.25, 2.25, 0]
		},
		"firstperson_lefthand": {
			"translation": [-4.5, 5, 0]
		},
		"ground": {
			"translation": [9, 4.5, 7.5]
		},
		"gui": {
			"rotation": [0, 180, 0],
			"translation": [-8, 1.5, 0]
		},
		"head": {
			"translation": [7, 14.5, 6.5]
		},
		"fixed": {
			"rotation": [-90, 0, 0],
			"translation": [16, 14.5, -16],
			"scale": [2, 2, 2]
		}
	},
	"groups": [
		{
			"name": "bb_main",
			"origin": [0, 0, 0],
			"color": 0,
			"children": [0, 1, 2, 3]
		}
	]
}