{
	"credit": "Made with Blockbench",
	"parent": "cashreg",
	"texture_size": [64, 64],
	"textures": {
		"0": "./cashreg",
		"particle": "./cashreg"
	},
	"elements": [
		{
			"name": "bb_main",
			"from": [-7, 0, -7],
			"to": [7, 4, 7],
			"faces": {
				"north": {"uv": [3.5, 3.5, 7, 4.5], "texture": "#0"},
				"east": {"uv": [0, 3.5, 3.5, 4.5], "texture": "#0"},
				"south": {"uv": [10.5, 3.5, 14, 4.5], "texture": "#0"},
				"west": {"uv": [7, 3.5, 10.5, 4.5], "texture": "#0"},
				"up": {"uv": [7, 3.5, 3.5, 0], "texture": "#0"},
				"down": {"uv": [10.5, 0, 7, 3.5], "texture": "#0"}
			}
		},
		{
			"name": "bb_main",
			"from": [-5.9, 3.8, -5.5],
			"to": [5.9, 4.8, -3.5],
			"rotation": {"angle": -22.5, "axis": "x", "origin": [-6, 4, -4]},
			"faces": {
				"north": {"uv": [7.5, 8, 10.25, 8.25], "texture": "#0"},
				"east": {"uv": [7, 8, 7.5, 8.25], "texture": "#0"},
				"south": {"uv": [10.75, 8, 13.5, 8.25], "texture": "#0"},
				"west": {"uv": [10.25, 8, 10.75, 8.25], "texture": "#0"},
				"up": {"uv": [10.25, 8, 7.5, 7.5], "texture": "#0"},
				"down": {"uv": [13, 7.5, 10.25, 8], "texture": "#0"}
			}
		},
		{
			"name": "bb_main",
			"from": [-6, 4, -4],
			"to": [6, 5, 7],
			"faces": {
				"north": {"uv": [2.75, 7.25, 5.75, 7.5], "texture": "#0"},
				"east": {"uv": [0, 7.25, 2.75, 7.5], "texture": "#0"},
				"south": {"uv": [8.5, 7.25, 11.5, 7.5], "texture": "#0"},
				"west": {"uv": [5.75, 7.25, 8.5, 7.5], "texture": "#0"},
				"up": {"uv": [5.75, 7.25, 2.75, 4.5], "texture": "#0"},
				"down": {"uv": [8.75, 4.5, 5.75, 7.25], "texture": "#0"}
			}
		},
		{
			"name": "bb_main",
			"from": [-5, 5, 3],
			"to": [2, 8, 6],
			"faces": {
				"north": {"uv": [7, 9, 8.75, 9.75], "texture": "#0"},
				"east": {"uv": [6.25, 9, 7, 9.75], "texture": "#0"},
				"south": {"uv": [9.5, 9, 11.25, 9.75], "texture": "#0"},
				"west": {"uv": [8.75, 9, 9.5, 9.75], "texture": "#0"},
				"up": {"uv": [8.75, 9, 7, 8.25], "texture": "#0"},
				"down": {"uv": [10.5, 8.25, 8.75, 9], "texture": "#0"}
			}
		},
		{
			"name": "bone",
			"from": [6, 0.9, -7.1],
			"to": [6, 2.9, -3.1],
			"faces": {
				"north": {"uv": [1, 1, 1, 1.5], "texture": "#0"},
				"east": {"uv": [0, 1, 1, 1.5], "texture": "#0"},
				"south": {"uv": [2, 1, 2, 1.5], "texture": "#0"},
				"west": {"uv": [1, 1, 2, 1.5], "texture": "#0"},
				"up": {"uv": [1, 1, 1, 0], "texture": "#0"},
				"down": {"uv": [1, 0, 1, 1], "texture": "#0"}
			}
		},
		{
			"name": "bone",
			"from": [-6, 0.9, -7.1],
			"to": [6, 2.9, -7.1],
			"faces": {
				"north": {"uv": [0, 8.5, 3, 9], "texture": "#0"},
				"east": {"uv": [0, 8.5, 0, 9], "texture": "#0"},
				"south": {"uv": [3, 8.5, 6, 9], "texture": "#0"},
				"west": {"uv": [3, 8.5, 3, 9], "texture": "#0"},
				"up": {"uv": [3, 8.5, 0, 8.5], "texture": "#0"},
				"down": {"uv": [6, 8.5, 3, 8.5], "texture": "#0"}
			}
		},
		{
			"name": "bone",
			"from": [-6, 0.9, -7.1],
			"to": [-6, 2.9, -3.1],
			"faces": {
				"north": {"uv": [1, 1.5, 1, 2], "texture": "#0"},
				"east": {"uv": [0, 1.5, 1, 2], "texture": "#0"},
				"south": {"uv": [2, 1.5, 2, 2], "texture": "#0"},
				"west": {"uv": [1, 1.5, 2, 2], "texture": "#0"},
				"up": {"uv": [1, 1.5, 1, 0.5], "texture": "#0"},
				"down": {"uv": [1, 0.5, 1, 1.5], "texture": "#0"}
			}
		},
		{
			"name": "bone",
			"from": [-6, 0.9, -7.1],
			"to": [6, 0.9, -3.1],
			"faces": {
				"north": {"uv": [1, 8.5, 4, 8.5], "texture": "#0"},
				"east": {"uv": [0, 8.5, 1, 8.5], "texture": "#0"},
				"south": {"uv": [5, 8.5, 8, 8.5], "texture": "#0"},
				"west": {"uv": [4, 8.5, 5, 8.5], "texture": "#0"},
				"up": {"uv": [4, 8.5, 1, 7.5], "texture": "#0"},
				"down": {"uv": [7, 7.5, 4, 8.5], "texture": "#0"}
			}
		},
		{
			"name": "bone",
			"from": [-4, 1, -6.1],
			"to": [1, 2, -3.1],
			"rotation": {"angle": 0, "axis": "y", "origin": [0, 0, 3.9]},
			"faces": {
				"north": {"uv": [9.5, 6.25, 10.75, 6.5], "texture": "#0"},
				"east": {"uv": [8.75, 6.25, 9.5, 6.5], "texture": "#0"},
				"south": {"uv": [11.5, 6.25, 12.75, 6.5], "texture": "#0"},
				"west": {"uv": [10.75, 6.25, 11.5, 6.5], "texture": "#0"},
				"up": {"uv": [10.75, 6.25, 9.5, 5.5], "texture": "#0"},
				"down": {"uv": [12, 5.5, 10.75, 6.25], "texture": "#0"}
			}
		},
		{
			"name": "bone",
			"from": [0, 1.8, -6.1],
			"to": [5, 2.8, -3.1],
			"rotation": {"angle": 0, "axis": "z", "origin": [0, 0, 3.9]},
			"faces": {
				"north": {"uv": [9.5, 5.25, 10.75, 5.5], "texture": "#0"},
				"east": {"uv": [8.75, 5.25, 9.5, 5.5], "texture": "#0"},
				"south": {"uv": [11.5, 5.25, 12.75, 5.5], "texture": "#0"},
				"west": {"uv": [10.75, 5.25, 11.5, 5.5], "texture": "#0"},
				"up": {"uv": [10.75, 5.25, 9.5, 4.5], "texture": "#0"},
				"down": {"uv": [12, 4.5, 10.75, 5.25], "texture": "#0"}
			}
		},
		{
			"name": "bone",
			"from": [-1, 1.3, -8.2],
			"to": [1, 2.3, -7.1],
			"faces": {
				"north": {"uv": [0.5, 0.5, 1, 0.75], "texture": "#0"},
				"east": {"uv": [0.25, 0.5, 0.5, 0.75], "texture": "#0"},
				"south": {"uv": [1.25, 0.5, 1.75, 0.75], "texture": "#0"},
				"west": {"uv": [1, 0.5, 1.25, 0.75], "texture": "#0"},
				"up": {"uv": [1, 0.5, 0.5, 0.25], "texture": "#0"},
				"down": {"uv": [1.5, 0.25, 1, 0.5], "texture": "#0"}
			}
		}
	],
	"display": {
		"thirdperson_righthand": {
			"rotation": [90, 180, 0],
			"translation": [-4.25, 5.25, 4],
			"scale": [0.5, 0.5, 0.5]
		},
		"thirdperson_lefthand": {
			"rotation": [90, 180, 0],
			"translation": [2.75, 4.75, 3.25],
			"scale": [0.5, 0.5, 0.5]
		},
		"firstperson_righthand": {
			"rotation": [25, 180, 0],
			"translation": [-5.25, 9.75, -12.75]
		},
		"firstperson_lefthand": {
			"rotation": [25, 180, 0],
			"translation": [8, 7.5, -10.75]
		},
		"ground": {
			"translation": [8.75, 3.5, 8]
		},
		"gui": {
			"rotation": [0, 180, 0],
			"translation": [-8, 3.25, 0]
		},
		"fixed": {
			"rotation": [-90, 0, 0],
			"translation": [16.25, 16.5, -14.25],
			"scale": [2, 2, 2]
		}
	},
	"groups": [
		{
			"name": "bb_main",
			"origin": [0, 0, 0],
			"color": 0,
			"children": [0, 1, 2, 3]
		},
		{
			"name": "bone",
			"origin": [0, 0, 3.9],
			"color": 1,
			"children": [4, 5, 6, 7, 8, 9, 10]
		}
	]
}