{
	"credit": "Made with Blockbench",
	"parent": "PetrKropotkin",
	"texture_size": [64, 64],
	"textures": {
		"2": "./petrkropotkin",
		"particle": "./petrkropotkin"
	},
	"elements": [
		{
			"name": "stranic",
			"from": [2, 0.25, 6],
			"to": [13, 18.25, 9],
			"faces": {
				"north": {"uv": [0, 0, 2.75, 4.5], "texture": "#2"},
				"east": {"uv": [0, 9, 0.75, 13.5], "texture": "#2"},
				"south": {"uv": [2.75, 0, 5.5, 4.5], "texture": "#2"},
				"west": {"uv": [0.75, 9, 1.5, 13.5], "texture": "#2"},
				"up": {"uv": [7.25, 9.75, 4.5, 9], "texture": "#2"},
				"down": {"uv": [10, 9, 7.25, 9.75], "texture": "#2"}
			}
		},
		{
			"name": "stranic",
			"from": [1.5, 0, 4],
			"to": [13, 18.5, 6],
			"faces": {
				"north": {"uv": [0, 4.5, 2.75, 9], "texture": "#2"},
				"east": {"uv": [1.5, 9, 2, 13.5], "texture": "#2"},
				"south": {"uv": [2.75, 4.5, 5.5, 9], "texture": "#2"},
				"west": {"uv": [2, 9, 2.5, 13.5], "texture": "#2"},
				"up": {"uv": [7.25, 10.25, 4.5, 9.75], "texture": "#2"},
				"down": {"uv": [10, 9.75, 7.25, 10.25], "texture": "#2"}
			}
		},
		{
			"name": "stranic",
			"from": [1.25, 0, 9],
			"to": [13, 18.5, 11],
			"faces": {
				"north": {"uv": [5.5, 0, 8.25, 4.5], "texture": "#2"},
				"east": {"uv": [2.5, 9, 3, 13.5], "texture": "#2"},
				"south": {"uv": [5.5, 4.5, 8.25, 9], "texture": "#2"},
				"west": {"uv": [3, 9, 3.5, 13.5], "texture": "#2"},
				"up": {"uv": [12.75, 0.5, 10, 0], "texture": "#2"},
				"down": {"uv": [12.75, 0.5, 10, 1], "texture": "#2"}
			}
		},
		{
			"name": "stranic",
			"from": [13, 0, 4],
			"to": [15, 18.5, 11],
			"faces": {
				"north": {"uv": [3.5, 9, 4, 13.5], "texture": "#2"},
				"east": {"uv": [8.25, 0, 10, 4.5], "texture": "#2"},
				"south": {"uv": [4, 9, 4.5, 13.5], "texture": "#2"},
				"west": {"uv": [8.25, 4.5, 10, 9], "texture": "#2"},
				"up": {"uv": [10.5, 2.75, 10, 1], "texture": "#2"},
				"down": {"uv": [10.5, 2.75, 10, 4.5], "texture": "#2"}
			}
		}
	],
	"display": {
		"thirdperson_righthand": {
			"translation": [0, 2.75, 0],
			"scale": [0.5, 0.5, 0.5]
		},
		"thirdperson_lefthand": {
			"translation": [0, 2, 0],
			"scale": [0.5, 0.5, 0.5]
		},
		"firstperson_righthand": {
			"rotation": [-10, -34, 0],
			"translation": [5, 0, -12.75]
		},
		"firstperson_lefthand": {
			"rotation": [-4, -20, 0],
			"translation": [7.5, 0, -14.5]
		},
		"ground": {
			"translation": [0, 0.75, 0],
			"scale": [0.5, 0.5, 0.5]
		},
		"gui": {
			"translation": [0, -1, 0],
			"scale": [0.8, 0.8, 0.5]
		},
		"fixed": {
			"translation": [0, -0.75, -2]
		}
	},
	"groups": [
		{
			"name": "Book",
			"origin": [8, 8, 8],
			"color": 0,
			"children": [0, 1, 2, 3]
		}
	]
}