{
	"credit": "Made with Blockbench",
	"parent": "cowboy_hat",
	"texture_size": [64, 64],
	"textures": {
		"0": "./cowboy_hat",
		"particle": "./cowboy_hat"
	},
	"elements": [
		{
			"from": [4, 1, 3.5],
			"to": [12, 7, 11.5],
			"faces": {
				"north": {"uv": [4, 3.25, 6, 5], "texture": "#0"},
				"east": {"uv": [4, 5, 6, 6.75], "texture": "#0"},
				"south": {"uv": [0, 5.25, 2, 7], "texture": "#0"},
				"west": {"uv": [2, 5.25, 4, 7], "texture": "#0"},
				"up": {"uv": [2, 5.25, 0, 3.25], "texture": "#0"},
				"down": {"uv": [4, 3.25, 2, 5.25], "texture": "#0"}
			}
		},
		{
			"from": [2, 1, 1],
			"to": [14, 1, 14],
			"faces": {
				"north": {"uv": [0, 0, 3, 0], "texture": "#0"},
				"east": {"uv": [0, 0, 3.25, 0], "texture": "#0"},
				"south": {"uv": [0, 0, 3, 0], "texture": "#0"},
				"west": {"uv": [0, 0, 3.25, 0], "texture": "#0"},
				"up": {"uv": [3, 3.25, 0, 0], "texture": "#0"},
				"down": {"uv": [6, 0, 3, 3.25], "texture": "#0"}
			}
		},
		{
			"from": [-1.25, 1.75, 1],
			"to": [1.75, 1.75, 14],
			"rotation": {"angle": -22.5, "axis": "z", "origin": [0, 0, 0]},
			"faces": {
				"north": {"uv": [0, 0, 0.75, 0], "texture": "#0"},
				"east": {"uv": [0, 0, 3.25, 0], "texture": "#0"},
				"south": {"uv": [0, 0, 0.75, 0], "texture": "#0"},
				"west": {"uv": [0, 0, 3.25, 0], "texture": "#0"},
				"up": {"uv": [6.75, 3.25, 6, 0], "texture": "#0"},
				"down": {"uv": [6.75, 3.25, 6, 6.5], "texture": "#0"}
			}
		},
		{
			"from": [12.75, -4.25, 1],
			"to": [15.75, -4.25, 14],
			"rotation": {"angle": 22.5, "axis": "z", "origin": [0, 0, 0]},
			"faces": {
				"north": {"uv": [0, 0, 0.75, 0], "texture": "#0"},
				"east": {"uv": [0, 0, 3.25, 0], "texture": "#0"},
				"south": {"uv": [0, 0, 0.75, 0], "texture": "#0"},
				"west": {"uv": [0, 0, 3.25, 0], "texture": "#0"},
				"up": {"uv": [6.75, 9.75, 6, 6.5], "texture": "#0"},
				"down": {"uv": [7.5, 0, 6.75, 3.25], "texture": "#0"}
			}
		}
	],
	"display": {
		"thirdperson_righthand": {
			"translation": [0, 7.25, 0]
		},
		"thirdperson_lefthand": {
			"translation": [0, 7, 0]
		},
		"firstperson_righthand": {
			"translation": [0, 7.25, -5]
		},
		"firstperson_lefthand": {
			"translation": [0, 6.75, -6]
		},
		"ground": {
			"translation": [0, 5, 0]
		},
		"gui": {
			"rotation": [5, 42, 0],
			"translation": [0.25, 2, 0]
		},
		"head": {
			"translation": [0, 17, 0],
			"scale": [1.5, 1.5, 1.5]
		},
		"fixed": {
			"rotation": [-90, 0, 0],
			"translation": [0, 0, -14.25],
			"scale": [2, 2, 2]
		}
	}
}