{
	"credit": "Made with Blockbench",
	"parent": "coshelelek",
	"texture_size": [32, 32],
	"textures": {
		"0": "./pasted",
		"1": "./coshelelek",
		"2": "./coshelelek2",
		"3": "./pasted2",
		"particle": "./pasted"
	},
	"elements": [
		{
			"from": [2, 0, 3],
			"to": [13, 1, 10],
			"faces": {
				"north": {"uv": [9, 7, 14.5, 7.5], "texture": "#1"},
				"east": {"uv": [4.5, 9.5, 8, 10], "texture": "#1"},
				"south": {"uv": [9, 7.5, 14.5, 8], "texture": "#1"},
				"west": {"uv": [8, 9.5, 11.5, 10], "texture": "#1"},
				"up": {"uv": [5.5, 3.5, 0, 0], "texture": "#1"},
				"down": {"uv": [5.5, 3.5, 0, 7], "texture": "#1"}
			}
		},
		{
			"from": [2, -2.25, 3],
			"to": [13, -1.25, 10],
			"rotation": {"angle": -45, "axis": "x", "origin": [0, 0, 0]},
			"faces": {
				"north": {"uv": [9, 8, 14.5, 8.5], "texture": "#1"},
				"east": {"uv": [0, 10, 3.5, 10.5], "texture": "#1"},
				"south": {"uv": [9, 8.5, 14.5, 9], "texture": "#1"},
				"west": {"uv": [3.5, 10, 7, 10.5], "texture": "#1"},
				"up": {"uv": [11, 3.5, 5.5, 0], "texture": "#1"},
				"down": {"uv": [11, 3.5, 5.5, 7], "texture": "#1"}
			}
		},
		{
			"from": [4, -3.25, 4],
			"to": [5, -2.25, 10],
			"rotation": {"angle": -45, "axis": "x", "origin": [0, 0, 0]},
			"faces": {
				"north": {"uv": [6, 10.5, 6.5, 11], "texture": "#1"},
				"east": {"uv": [7, 10, 10, 10.5], "texture": "#1"},
				"south": {"uv": [6.5, 10.5, 7, 11], "texture": "#1"},
				"west": {"uv": [10, 10, 13, 10.5], "texture": "#1"},
				"up": {"uv": [0.5, 13.5, 0, 10.5], "texture": "#1"},
				"down": {"uv": [1, 10.5, 0.5, 13.5], "texture": "#1"}
			}
		},
		{
			"from": [3, -2.5, 4],
			"to": [12, -1.5, 9],
			"rotation": {"angle": -45, "axis": "x", "origin": [0, 0, 0]},
			"faces": {
				"north": {"uv": [9, 9, 13.5, 9.5], "texture": "#1"},
				"east": {"uv": [1, 10.5, 3.5, 11], "texture": "#1"},
				"south": {"uv": [0, 9.5, 4.5, 10], "texture": "#1"},
				"west": {"uv": [3.5, 10.5, 6, 11], "texture": "#1"},
				"up": {"uv": [4.5, 9.5, 0, 7], "texture": "#1"},
				"down": {"uv": [9, 7, 4.5, 9.5], "texture": "#1"}
			}
		},
		{
			"from": [5.75, 0.75, 3.25],
			"to": [15.75, 0.75, 10.25],
			"rotation": {"angle": -22.5, "axis": "y", "origin": [0, 0, 0]},
			"faces": {
				"north": {"uv": [0, 0, 1, 1], "texture": "#missing"},
				"east": {"uv": [0, 0, 1, 1], "texture": "#missing"},
				"south": {"uv": [0, 0, 1, 1], "texture": "#missing"},
				"west": {"uv": [0, 0, 1, 1], "texture": "#missing"},
				"up": {"uv": [1, 2, 15, 14], "texture": "#0"},
				"down": {"uv": [1, 14, 15, 2], "texture": "#0"}
			}
		},
		{
			"from": [7.75, 0.5, -0.75],
			"to": [17.75, 0.5, 6.25],
			"rotation": {"angle": -45, "axis": "y", "origin": [0, 0, 0]},
			"faces": {
				"north": {"uv": [0, 0, 1, 1], "texture": "#missing"},
				"east": {"uv": [0, 0, 1, 1], "texture": "#missing"},
				"south": {"uv": [0, 0, 1, 1], "texture": "#missing"},
				"west": {"uv": [0, 0, 1, 1], "texture": "#missing"},
				"up": {"uv": [1, 2, 15, 14], "texture": "#0"},
				"down": {"uv": [1, 14, 15, 2], "texture": "#0"}
			}
		},
		{
			"from": [-1.5, 0.25, 8.25],
			"to": [5.5, 0.25, 18.25],
			"rotation": {"angle": 22.5, "axis": "y", "origin": [0, 0, 0]},
			"faces": {
				"north": {"uv": [0, 0, 1, 1], "texture": "#missing"},
				"east": {"uv": [0, 0, 1, 1], "texture": "#missing"},
				"south": {"uv": [0, 0, 1, 1], "texture": "#missing"},
				"west": {"uv": [0, 0, 1, 1], "texture": "#missing"},
				"up": {"uv": [1, 2, 15, 14], "rotation": 90, "texture": "#0"},
				"down": {"uv": [1, 14, 15, 2], "rotation": 270, "texture": "#0"}
			}
		},
		{
			"from": [3, 0.25, 4.25],
			"to": [12, 1.25, 9.25],
			"faces": {
				"north": {"uv": [4.5, 0, 9, 0.5], "texture": "#2"},
				"east": {"uv": [4.5, 1, 7, 1.5], "texture": "#2"},
				"south": {"uv": [4.5, 0.5, 9, 1], "texture": "#2"},
				"west": {"uv": [4.5, 1.5, 7, 2], "texture": "#2"},
				"up": {"uv": [4.5, 2.5, 0, 0], "texture": "#2"},
				"down": {"uv": [4.5, 2.5, 0, 5], "texture": "#2"}
			}
		},
		{
			"from": [3, 1, 6],
			"to": [5, 1, 8],
			"faces": {
				"north": {"uv": [0, 0, 1, 1], "texture": "#missing"},
				"east": {"uv": [0, 0, 1, 1], "texture": "#missing"},
				"south": {"uv": [0, 0, 1, 1], "texture": "#missing"},
				"west": {"uv": [0, 0, 1, 1], "texture": "#3"},
				"up": {"uv": [3, 3, 13, 13], "texture": "#3"},
				"down": {"uv": [13, 3, 3, 13], "texture": "#3"}
			}
		},
		{
			"from": [7, 1, 3],
			"to": [9, 1, 5],
			"rotation": {"angle": -22.5, "axis": "y", "origin": [0, 0, 0]},
			"faces": {
				"north": {"uv": [0, 0, 1, 1], "texture": "#missing"},
				"east": {"uv": [0, 0, 1, 1], "texture": "#missing"},
				"south": {"uv": [0, 0, 1, 1], "texture": "#missing"},
				"west": {"uv": [0, 0, 1, 1], "texture": "#3"},
				"up": {"uv": [3, 3, 13, 13], "texture": "#3"},
				"down": {"uv": [13, 3, 3, 13], "texture": "#3"}
			}
		},
		{
			"from": [9, 1, 2],
			"to": [11, 1, 4],
			"rotation": {"angle": -22.5, "axis": "y", "origin": [0, 0, 0]},
			"faces": {
				"north": {"uv": [0, 0, 1, 1], "texture": "#missing"},
				"east": {"uv": [0, 0, 1, 1], "texture": "#missing"},
				"south": {"uv": [0, 0, 1, 1], "texture": "#missing"},
				"west": {"uv": [0, 0, 1, 1], "texture": "#3"},
				"up": {"uv": [3, 3, 13, 13], "texture": "#3"},
				"down": {"uv": [13, 3, 3, 13], "texture": "#3"}
			}
		},
		{
			"from": [6, 1, 9],
			"to": [8, 1, 11],
			"rotation": {"angle": 22.5, "axis": "y", "origin": [0, 0, 0]},
			"faces": {
				"north": {"uv": [0, 0, 1, 1], "texture": "#missing"},
				"east": {"uv": [0, 0, 1, 1], "texture": "#missing"},
				"south": {"uv": [0, 0, 1, 1], "texture": "#missing"},
				"west": {"uv": [0, 0, 1, 1], "texture": "#3"},
				"up": {"uv": [3, 3, 13, 13], "texture": "#3"},
				"down": {"uv": [13, 3, 3, 13], "texture": "#3"}
			}
		}
	],
	"display": {
		"thirdperson_righthand": {
			"rotation": [-123.26, -17.68, 176.71],
			"translation": [-2.75, 5.5, 4.75]
		},
		"thirdperson_lefthand": {
			"rotation": [57, -180, 0],
			"translation": [0, 7.5, 4.25]
		},
		"firstperson_righthand": {
			"rotation": [2.25, -29, 0],
			"translation": [-2.75, 10, -0.75]
		},
		"firstperson_lefthand": {
			"rotation": [4, -33, 0],
			"translation": [-2.75, 10.25, -2.25]
		},
		"ground": {
			"translation": [0, 4.5, 0]
		},
		"gui": {
			"rotation": [13, 21, 0],
			"translation": [1, 4.5, 0]
		},
		"head": {
			"rotation": [180, 1.75, 180],
			"translation": [-0.75, 3.75, -4]
		},
		"fixed": {
			"rotation": [-90, 0, 0],
			"translation": [0, 0, -7.75]
		}
	}
}