{
	"credit": "Made with Blockbench",
	"parent": "congress_flag_cslb",
	"texture_size": [64, 64],
	"textures": {
		"0": "./congress_flag_cslb",
		"particle": "./congress_flag_cslb"
	},
	"elements": [
		{
			"from": [1, 0, 6.85],
			"to": [14, 25, 7.85],
			"rotation": {"angle": 0, "axis": "y", "origin": [7, 0, 6.85]},
			"faces": {
				"north": {"uv": [0, 0, 3.25, 6.25], "texture": "#0"},
				"east": {"uv": [0, 6.75, 0.25, 13], "texture": "#0"},
				"south": {"uv": [3.25, 0, 6.5, 6.25], "texture": "#0"},
				"west": {"uv": [0.25, 6.75, 0.5, 13], "texture": "#0"},
				"up": {"uv": [9.75, 1.25, 6.5, 1], "texture": "#0"},
				"down": {"uv": [9.75, 1.25, 6.5, 1.5], "texture": "#0"}
			}
		},
		{
			"from": [0.75, 25, 6.5],
			"to": [14.25, 26.5, 8.25],
			"rotation": {"angle": 0, "axis": "y", "origin": [7, 2, 7]},
			"faces": {
				"north": {"uv": [0, 6.25, 3.5, 6.75], "texture": "#0"},
				"east": {"uv": [6.5, 1.5, 7, 2], "texture": "#0"},
				"south": {"uv": [3.5, 6.25, 7, 6.75], "texture": "#0"},
				"west": {"uv": [6.5, 2, 7, 2.5], "texture": "#0"},
				"up": {"uv": [10, 0.5, 6.5, 0], "texture": "#0"},
				"down": {"uv": [10, 0.5, 6.5, 1], "texture": "#0"}
			}
		},
		{
			"from": [-0.25, 24.75, 6.25],
			"to": [0.75, 26.75, 8.5],
			"rotation": {"angle": 0, "axis": "y", "origin": [7, 2, 7]},
			"faces": {
				"north": {"uv": [6.5, 4.5, 6.75, 5], "texture": "#0"},
				"east": {"uv": [6.5, 2.5, 7, 3], "texture": "#0"},
				"south": {"uv": [6.5, 5, 6.75, 5.5], "texture": "#0"},
				"west": {"uv": [6.5, 3, 7, 3.5], "texture": "#0"},
				"up": {"uv": [6.75, 6, 6.5, 5.5], "texture": "#0"},
				"down": {"uv": [0.75, 6.75, 0.5, 7.25], "texture": "#0"}
			}
		},
		{
			"from": [13.75, 24.75, 6.25],
			"to": [14.75, 26.75, 8.5],
			"rotation": {"angle": 0, "axis": "y", "origin": [21, 2, 7]},
			"faces": {
				"north": {"uv": [0.75, 6.75, 1, 7.25], "texture": "#0"},
				"east": {"uv": [6.5, 3.5, 7, 4], "texture": "#0"},
				"south": {"uv": [1, 6.75, 1.25, 7.25], "texture": "#0"},
				"west": {"uv": [6.5, 4, 7, 4.5], "texture": "#0"},
				"up": {"uv": [1.5, 7.25, 1.25, 6.75], "texture": "#0"},
				"down": {"uv": [1.75, 6.75, 1.5, 7.25], "texture": "#0"}
			}
		}
	],
	"display": {
		"thirdperson_righthand": {
			"scale": [0.5, 0.5, 0.5]
		},
		"firstperson_righthand": {
			"rotation": [-13, -38, -9],
			"translation": [-0.75, 0, 0],
			"scale": [0.7, 0.73, 0.78]
		},
		"firstperson_lefthand": {
			"rotation": [-15, -25, 3],
			"translation": [-0.5, -0.5, -3.5],
			"scale": [0.8, 0.8, 0.87]
		},
		"ground": {
			"rotation": [90, 0, 0],
			"translation": [0.75, -3.5, -6.5]
		},
		"gui": {
			"translation": [1, -3.25, 0],
			"scale": [1, 0.62, 1]
		},
		"fixed": {
			"translation": [0, -56.5, 1],
			"scale": [4, 4, 4]
		}
	}
}