{
	"credit": "Made with Blockbench",
	"texture_size": [32, 32],
	"textures": {
		"0": "./cslb_sabel",
		"particle": "./cslb_sabel"
	},
	"elements": [
		{
			"from": [7, -11, 6],
			"to": [9, -9, 8],
			"rotation": {"angle": 0, "axis": "y", "origin": [7, -11, 6]},
			"faces": {
				"north": {"uv": [6.5, 2.5, 7.5, 3.5], "texture": "#0"},
				"east": {"uv": [6.5, 3.5, 7.5, 4.5], "texture": "#0"},
				"south": {"uv": [6.5, 4.5, 7.5, 5.5], "texture": "#0"},
				"west": {"uv": [6.5, 5.5, 7.5, 6.5], "texture": "#0"},
				"up": {"uv": [7.5, 7.5, 6.5, 6.5], "texture": "#0"},
				"down": {"uv": [8, 0, 7, 1], "texture": "#0"}
			}
		},
		{
			"from": [6.75, -9.75, 5.75],
			"to": [9.25, -8.75, 8.25],
			"rotation": {"angle": 0, "axis": "y", "origin": [7, -9.75, 6]},
			"faces": {
				"north": {"uv": [7.5, 7, 9, 7.5], "texture": "#0"},
				"east": {"uv": [7.5, 7.5, 9, 8], "texture": "#0"},
				"south": {"uv": [8, 0, 9.5, 0.5], "texture": "#0"},
				"west": {"uv": [8, 0.5, 9.5, 1], "texture": "#0"},
				"up": {"uv": [6.5, 1.5, 5, 0], "texture": "#0"},
				"down": {"uv": [6.5, 1.5, 5, 3], "texture": "#0"}
			}
		},
		{
			"from": [7, -9, 6],
			"to": [9, -0.2, 8],
			"rotation": {"angle": 0, "axis": "y", "origin": [7, -9, 6]},
			"faces": {
				"north": {"uv": [3, 0, 4, 4.5], "texture": "#0"},
				"east": {"uv": [4, 0, 5, 4.5], "texture": "#0"},
				"south": {"uv": [3, 4.5, 4, 9], "texture": "#0"},
				"west": {"uv": [4, 4.5, 5, 9], "texture": "#0"},
				"up": {"uv": [8, 2, 7, 1], "texture": "#0"},
				"down": {"uv": [8.5, 2, 7.5, 3], "texture": "#0"}
			}
		},
		{
			"from": [6.75, -0.7, 5.25],
			"to": [9.25, -0.2, 8.5],
			"rotation": {"angle": 0, "axis": "y", "origin": [7, -2.2, 6]},
			"faces": {
				"north": {"uv": [8, 1, 9.5, 1.5], "texture": "#0"},
				"east": {"uv": [8, 1.5, 9.5, 2], "texture": "#0"},
				"south": {"uv": [8, 3, 9.5, 3.5], "texture": "#0"},
				"west": {"uv": [8, 3.5, 9.5, 4], "texture": "#0"},
				"up": {"uv": [6.5, 4.5, 5, 3], "texture": "#0"},
				"down": {"uv": [6.5, 4.5, 5, 6], "texture": "#0"}
			}
		},
		{
			"from": [7.5, -8.5, 7.25],
			"to": [8.5, -8, 9.25],
			"rotation": {"angle": 0, "axis": "x", "origin": [7, -8.5, 7.25]},
			"faces": {
				"north": {"uv": [7, 2, 7.5, 2.5], "texture": "#0"},
				"east": {"uv": [8, 4, 9, 4.5], "texture": "#0"},
				"south": {"uv": [8.5, 6.5, 9, 7], "texture": "#0"},
				"west": {"uv": [8, 4.5, 9, 5], "texture": "#0"},
				"up": {"uv": [8.5, 6, 8, 5], "texture": "#0"},
				"down": {"uv": [8.5, 6, 8, 7], "texture": "#0"}
			}
		},
		{
			"from": [7.4, -3.3, 10.1],
			"to": [8.6, -1.3, 10.6],
			"rotation": {"angle": -22.5, "axis": "x", "origin": [7, -3.3, 10.6]},
			"faces": {
				"north": {"uv": [7.5, 8, 8, 9], "texture": "#0"},
				"east": {"uv": [8, 8, 8.5, 9], "texture": "#0"},
				"south": {"uv": [8.5, 2, 9, 3], "texture": "#0"},
				"west": {"uv": [5, 8.5, 5.5, 9.5], "texture": "#0"},
				"up": {"uv": [6, 9.5, 5.5, 9], "texture": "#0"},
				"down": {"uv": [9.5, 5.5, 9, 6], "texture": "#0"}
			}
		},
		{
			"from": [7.5, -7.2, 10.1],
			"to": [8.5, -3.2, 10.6],
			"rotation": {"angle": 0, "axis": "x", "origin": [7, -7.2, 10.6]},
			"faces": {
				"north": {"uv": [7.5, 3, 8, 5], "texture": "#0"},
				"east": {"uv": [7.5, 5, 8, 7], "texture": "#0"},
				"south": {"uv": [6.5, 7.5, 7, 9.5], "texture": "#0"},
				"west": {"uv": [7, 7.5, 7.5, 9.5], "texture": "#0"},
				"up": {"uv": [6.5, 9.5, 6, 9], "texture": "#0"},
				"down": {"uv": [9.5, 6, 9, 6.5], "texture": "#0"}
			}
		},
		{
			"from": [7.5, -8.5, 9.2],
			"to": [8.5, -8, 11.2],
			"rotation": {"angle": -45, "axis": "x", "origin": [7, -8.5, 9.2]},
			"faces": {
				"north": {"uv": [9, 6.5, 9.5, 7], "texture": "#0"},
				"east": {"uv": [8.5, 5, 9.5, 5.5], "texture": "#0"},
				"south": {"uv": [9, 7, 9.5, 7.5], "texture": "#0"},
				"west": {"uv": [5.5, 8.5, 6.5, 9], "texture": "#0"},
				"up": {"uv": [9, 6.5, 8.5, 5.5], "texture": "#0"},
				"down": {"uv": [9, 8, 8.5, 9], "texture": "#0"}
			}
		},
		{
			"from": [7.3, -1.6, 9.4],
			"to": [8.7, 0.4, 9.9],
			"rotation": {"angle": -45, "axis": "x", "origin": [7, -1.6, 9.9]},
			"faces": {
				"north": {"uv": [9, 2, 9.5, 3], "texture": "#0"},
				"east": {"uv": [3, 9, 3.5, 10], "texture": "#0"},
				"south": {"uv": [3.5, 9, 4, 10], "texture": "#0"},
				"west": {"uv": [4, 9, 4.5, 10], "texture": "#0"},
				"up": {"uv": [8, 9.5, 7.5, 9], "texture": "#0"},
				"down": {"uv": [9.5, 7.5, 9, 8], "texture": "#0"}
			}
		},
		{
			"from": [7.5, -0.2, 6],
			"to": [8.5, 19.25, 8],
			"rotation": {"angle": 0, "axis": "y", "origin": [7.5, 0, 6]},
			"faces": {
				"north": {"uv": [2, 0, 2.5, 9.5], "texture": "#0"},
				"east": {"uv": [0, 0, 1, 9.5], "texture": "#0"},
				"south": {"uv": [2.5, 0, 3, 9.5], "texture": "#0"},
				"west": {"uv": [1, 0, 2, 9.5], "texture": "#0"},
				"up": {"uv": [9.5, 5, 9, 4], "texture": "#0"},
				"down": {"uv": [5, 9, 4.5, 10], "texture": "#0"}
			}
		},
		{
			"from": [7.5, 17.2, 6.5],
			"to": [8.5, 21.7, 7.75],
			"rotation": {"angle": 0, "axis": "y", "origin": [7.5, -0.8, 6]},
			"faces": {
				"north": {"uv": [5, 6, 5.5, 8.5], "texture": "#0"},
				"east": {"uv": [5.5, 6, 6, 8.5], "texture": "#0"},
				"south": {"uv": [6, 6, 6.5, 8.5], "texture": "#0"},
				"west": {"uv": [6.5, 0, 7, 2.5], "texture": "#0"},
				"up": {"uv": [8.5, 9.5, 8, 9], "texture": "#0"},
				"down": {"uv": [9.5, 8, 9, 8.5], "texture": "#0"}
			}
		}
	],
	"display": {
		"thirdperson_righthand": {
			"rotation": [0, 180, 0],
			"translation": [0, 11.75, 0]
		},
		"thirdperson_lefthand": {
			"rotation": [0, 180, 0],
			"translation": [0, 10.75, 0]
		},
		"firstperson_righthand": {
			"rotation": [-19, 180, 0],
			"translation": [1.25, 9.75, -5.75]
		},
		"firstperson_lefthand": {
			"rotation": [-19, 180, 0],
			"translation": [3.5, 9.75, -7.75]
		},
		"ground": {
			"rotation": [90, 95, 0],
			"translation": [0, -2, 0]
		},
		"gui": {
			"rotation": [45, 21, -42],
			"translation": [1, 1.5, 0],
			"scale": [0.37, 0.74, 1]
		},
		"fixed": {
			"rotation": [0, 85, 0],
			"translation": [1, 3.75, 0]
		}
	}
}