{
	"credit": "Made with Blockbench",
	"parent": "napaleons",
	"texture_size": [64, 64],
	"textures": {
		"0": "./napaleon",
		"particle": "./napaleon"
	},
	"elements": [
		{
			"from": [0, 0, -0.25],
			"to": [2, 17, 16],
			"rotation": {"angle": 0, "axis": "y", "origin": [0, 0, 7]},
			"faces": {
				"north": {"uv": [1.25, 8.5, 1.75, 12.75], "texture": "#0"},
				"east": {"uv": [0, 0, 4, 4.25], "texture": "#0"},
				"south": {"uv": [1.75, 8.5, 2.25, 12.75], "texture": "#0"},
				"west": {"uv": [4, 0, 8, 4.25], "texture": "#0"},
				"up": {"uv": [3.75, 12.5, 3.25, 8.5], "texture": "#0"},
				"down": {"uv": [4.25, 8.5, 3.75, 12.5], "texture": "#0"}
			}
		},
		{
			"from": [14, 0, -0.25],
			"to": [16, 17, 16],
			"rotation": {"angle": 0, "axis": "y", "origin": [14, 0, 7]},
			"faces": {
				"north": {"uv": [2.25, 8.5, 2.75, 12.75], "texture": "#0"},
				"east": {"uv": [0, 4.25, 4, 8.5], "texture": "#0"},
				"south": {"uv": [2.75, 8.5, 3.25, 12.75], "texture": "#0"},
				"west": {"uv": [4, 4.25, 8, 8.5], "texture": "#0"},
				"up": {"uv": [4.75, 12.5, 4.25, 8.5], "texture": "#0"},
				"down": {"uv": [5.25, 8.5, 4.75, 12.5], "texture": "#0"}
			}
		},
		{
			"from": [7, 7.5, -0.5],
			"to": [10, 9.5, 13.25],
			"rotation": {"angle": 45, "axis": "x", "origin": [15, -1.5, 4.75]},
			"faces": {
				"north": {"uv": [10, 2.75, 10.75, 3.25], "texture": "#0"},
				"east": {"uv": [8.75, 0, 12.25, 0.5], "texture": "#0"},
				"south": {"uv": [10, 3.25, 10.75, 3.75], "texture": "#0"},
				"west": {"uv": [8.75, 0.5, 12.25, 1], "texture": "#0"},
				"up": {"uv": [8.75, 3.5, 8, 0], "texture": "#0"},
				"down": {"uv": [8.75, 3.5, 8, 7], "texture": "#0"}
			}
		},
		{
			"from": [2, 8, 6.75],
			"to": [14, 10, 9],
			"rotation": {"angle": 0, "axis": "y", "origin": [14, -1, 10]},
			"faces": {
				"north": {"uv": [8.75, 4.5, 11.75, 5], "texture": "#0"},
				"east": {"uv": [8.75, 6.5, 9.25, 7], "texture": "#0"},
				"south": {"uv": [8.75, 5, 11.75, 5.5], "texture": "#0"},
				"west": {"uv": [10, 3.75, 10.5, 4.25], "texture": "#0"},
				"up": {"uv": [11.75, 6, 8.75, 5.5], "texture": "#0"},
				"down": {"uv": [11.75, 6, 8.75, 6.5], "texture": "#0"}
			}
		},
		{
			"from": [6.25, 10.25, 2],
			"to": [10.75, 14.5, 9],
			"rotation": {"angle": 0, "axis": "x", "origin": [13, -1, 10]},
			"faces": {
				"north": {"uv": [7, 8.75, 8.25, 9.75], "texture": "#0"},
				"east": {"uv": [5.25, 8.5, 7, 9.5], "texture": "#0"},
				"south": {"uv": [8.25, 8.75, 9.5, 9.75], "texture": "#0"},
				"west": {"uv": [8.75, 1, 10.5, 2], "texture": "#0"},
				"up": {"uv": [9.25, 8.75, 8, 7], "texture": "#0"},
				"down": {"uv": [1.25, 8.5, 0, 10.25], "texture": "#0"}
			}
		},
		{
			"from": [6.75, 10.5, -3],
			"to": [10.5, 14, 2],
			"rotation": {"angle": 0, "axis": "x", "origin": [13, -1, 10]},
			"faces": {
				"north": {"uv": [6.25, 9.75, 7.25, 10.75], "texture": "#0"},
				"east": {"uv": [9.25, 6.5, 10.5, 7.5], "texture": "#0"},
				"south": {"uv": [7.25, 9.75, 8.25, 10.75], "texture": "#0"},
				"west": {"uv": [9.25, 7.5, 10.5, 8.5], "texture": "#0"},
				"up": {"uv": [6.25, 10.75, 5.25, 9.5], "texture": "#0"},
				"down": {"uv": [10.5, 8.5, 9.5, 9.75], "texture": "#0"}
			}
		},
		{
			"from": [6, 10, 5.75],
			"to": [11, 15, 9],
			"rotation": {"angle": 0, "axis": "x", "origin": [13, -1, 10]},
			"faces": {
				"north": {"uv": [8.75, 2, 10, 3.25], "texture": "#0"},
				"east": {"uv": [8.25, 9.75, 9, 11], "texture": "#0"},
				"south": {"uv": [8.75, 3.25, 10, 4.5], "texture": "#0"},
				"west": {"uv": [9, 9.75, 9.75, 11], "texture": "#0"},
				"up": {"uv": [11, 10.5, 9.75, 9.75], "texture": "#0"},
				"down": {"uv": [11.25, 2, 10, 2.75], "texture": "#0"}
			}
		}
	],
	"display": {
		"firstperson_lefthand": {
			"rotation": [0, 21, 0]
		},
		"ground": {
			"translation": [0, 3.75, 0]
		},
		"gui": {
			"rotation": [16, 145, 0],
			"scale": [0.86, 0.81, 0.76]
		},
		"fixed": {
			"rotation": [-90, 0, 0],
			"translation": [0, 0, -14],
			"scale": [2, 2, 2]
		}
	}
}