{
	"credit": "Made with Blockbench",
	"parent": "pile",
	"texture_size": [64, 64],
	"textures": {
		"0": "./pile",
		"particle": "./pile"
	},
	"elements": [
		{
			"name": "bb_main",
			"from": [-3, 1.8, -6],
			"to": [4, 2.8, 4],
			"rotation": {"angle": -45, "axis": "y", "origin": [0, 0, 0]},
			"faces": {
				"north": {"uv": [8.5, 5.5, 10.25, 5.75], "texture": "#0"},
				"east": {"uv": [6, 5.5, 8.5, 5.75], "texture": "#0"},
				"south": {"uv": [12.75, 5.5, 14.5, 5.75], "texture": "#0"},
				"west": {"uv": [10.25, 5.5, 12.75, 5.75], "texture": "#0"},
				"up": {"uv": [10.25, 5.5, 8.5, 3], "texture": "#0"},
				"down": {"uv": [12, 3, 10.25, 5.5], "texture": "#0"}
			}
		},
		{
			"name": "bb_main",
			"from": [-3, 0, -6],
			"to": [4, 1, 4],
			"faces": {
				"north": {"uv": [2.5, 5.25, 4.25, 5.5], "texture": "#0"},
				"east": {"uv": [0, 5.25, 2.5, 5.5], "texture": "#0"},
				"south": {"uv": [6.75, 5.25, 8.5, 5.5], "texture": "#0"},
				"west": {"uv": [4.25, 5.25, 6.75, 5.5], "texture": "#0"},
				"up": {"uv": [4.25, 5.25, 2.5, 2.75], "texture": "#0"},
				"down": {"uv": [6, 2.75, 4.25, 5.25], "texture": "#0"}
			}
		},
		{
			"name": "bb_main",
			"from": [-3, 2.3, -4],
			"to": [4, 3.3, 6],
			"faces": {
				"north": {"uv": [2.5, 2.5, 4.25, 2.75], "texture": "#0"},
				"east": {"uv": [0, 2.5, 2.5, 2.75], "texture": "#0"},
				"south": {"uv": [6.75, 2.5, 8.5, 2.75], "texture": "#0"},
				"west": {"uv": [4.25, 2.5, 6.75, 2.75], "texture": "#0"},
				"up": {"uv": [4.25, 2.5, 2.5, 0], "texture": "#0"},
				"down": {"uv": [6, 0, 4.25, 2.5], "texture": "#0"}
			}
		},
		{
			"name": "bb_main",
			"from": [-4, 1.3, -5],
			"to": [3, 2.3, 5],
			"rotation": {"angle": 22.5, "axis": "y", "origin": [0, 0, 0]},
			"faces": {
				"north": {"uv": [2.5, 8, 4.25, 8.25], "texture": "#0"},
				"east": {"uv": [0, 8, 2.5, 8.25], "texture": "#0"},
				"south": {"uv": [6.75, 8, 8.5, 8.25], "texture": "#0"},
				"west": {"uv": [4.25, 8, 6.75, 8.25], "texture": "#0"},
				"up": {"uv": [4.25, 8, 2.5, 5.5], "texture": "#0"},
				"down": {"uv": [6, 5.5, 4.25, 8], "texture": "#0"}
			}
		},
		{
			"name": "bb_main",
			"from": [-3, 0.4, -6],
			"to": [4, 1.4, 4],
			"faces": {
				"north": {"uv": [8.5, 2.75, 10.25, 3], "texture": "#0"},
				"east": {"uv": [6, 2.75, 8.5, 3], "texture": "#0"},
				"south": {"uv": [12.75, 2.75, 14.5, 3], "texture": "#0"},
				"west": {"uv": [10.25, 2.75, 12.75, 3], "texture": "#0"},
				"up": {"uv": [10.25, 2.75, 8.5, 0.25], "texture": "#0"},
				"down": {"uv": [12, 0.25, 10.25, 2.75], "texture": "#0"}
			}
		}
	],
	"display": {
		"thirdperson_righthand": {
			"translation": [8.5, 5.5, 8.75]
		},
		"thirdperson_lefthand": {
			"translation": [-7, 6.5, 6]
		},
		"firstperson_righthand": {
			"translation": [7, 5.75, 0.75]
		},
		"firstperson_lefthand": {
			"translation": [-5.25, 6.25, 2]
		},
		"ground": {
			"translation": [7.75, 2.25, 7.75]
		},
		"gui": {
			"rotation": [90, 0, 0],
			"translation": [7.75, -8.25, 0]
		},
		"fixed": {
			"rotation": [-90, 0, 0],
			"translation": [15, 14.5, -15],
			"scale": [2, 2, 2]
		}
	},
	"groups": [
		{
			"name": "bb_main",
			"origin": [0, 0, 0],
			"color": 0,
			"children": [0, 1, 2, 3, 4]
		}
	]
}