{
	"credit": "Made with Blockbench",
	"parent": "bunker_door",
	"texture_size": [64, 64],
	"textures": {
		"0": "./bunker_door",
		"particle": "./bunker_door"
	},
	"elements": [
		{
			"name": "door",
			"from": [-8.2, 0, -8.1],
			"to": [8.2, 32, -3.9],
			"faces": {
				"north": {"uv": [2, 1, 6, 9], "texture": "#0"},
				"east": {"uv": [1, 1, 2, 9], "texture": "#0"},
				"south": {"uv": [7, 1, 11, 9], "texture": "#0"},
				"west": {"uv": [6, 1, 7, 9], "texture": "#0"},
				"up": {"uv": [6, 1, 2, 0], "texture": "#0"},
				"down": {"uv": [10, 0, 6, 1], "texture": "#0"}
			}
		},
		{
			"name": "hren",
			"from": [-9, 11, -7.1],
			"to": [-7, 18, -4.9],
			"faces": {
				"north": {"uv": [0.5, 9.5, 1, 11.25], "texture": "#0"},
				"east": {"uv": [0, 9.5, 0.5, 11.25], "texture": "#0"},
				"south": {"uv": [1.5, 9.5, 2, 11.25], "texture": "#0"},
				"west": {"uv": [1, 9.5, 1.5, 11.25], "texture": "#0"},
				"up": {"uv": [1, 9.5, 0.5, 9], "texture": "#0"},
				"down": {"uv": [1.5, 9, 1, 9.5], "texture": "#0"}
			}
		},
		{
			"name": "rychka",
			"from": [-2, 14, -9],
			"to": [0, 16, -8],
			"faces": {
				"north": {"uv": [2.25, 10, 2.75, 10.5], "texture": "#0"},
				"east": {"uv": [2, 10, 2.25, 10.5], "texture": "#0"},
				"south": {"uv": [3, 10, 3.5, 10.5], "texture": "#0"},
				"west": {"uv": [2.75, 10, 3, 10.5], "texture": "#0"},
				"up": {"uv": [2.75, 10, 2.25, 9.75], "texture": "#0"},
				"down": {"uv": [3.25, 9.75, 2.75, 10], "texture": "#0"}
			}
		},
		{
			"name": "rychka",
			"from": [-2, 14, -10],
			"to": [0, 21, -9],
			"faces": {
				"north": {"uv": [8.25, 9.25, 8.75, 11], "texture": "#0"},
				"east": {"uv": [8, 9.25, 8.25, 11], "texture": "#0"},
				"south": {"uv": [9, 9.25, 9.5, 11], "texture": "#0"},
				"west": {"uv": [8.75, 9.25, 9, 11], "texture": "#0"},
				"up": {"uv": [8.75, 9.25, 8.25, 9], "texture": "#0"},
				"down": {"uv": [9.25, 9, 8.75, 9.25], "texture": "#0"}
			}
		},
		{
			"name": "rychka",
			"from": [-2, 9, -10],
			"to": [0, 14, -9],
			"faces": {
				"north": {"uv": [9.75, 9.25, 10.25, 10.5], "texture": "#0"},
				"east": {"uv": [9.5, 9.25, 9.75, 10.5], "texture": "#0"},
				"south": {"uv": [10.5, 9.25, 11, 10.5], "texture": "#0"},
				"west": {"uv": [10.25, 9.25, 10.5, 10.5], "texture": "#0"},
				"up": {"uv": [10.25, 9.25, 9.75, 9], "texture": "#0"},
				"down": {"uv": [10.75, 9, 10.25, 9.25], "texture": "#0"}
			}
		},
		{
			"name": "rychka",
			"from": [-7, 14, -10],
			"to": [-2, 16, -9],
			"faces": {
				"north": {"uv": [5.25, 9.25, 6.5, 9.75], "texture": "#0"},
				"east": {"uv": [5, 9.25, 5.25, 9.75], "texture": "#0"},
				"south": {"uv": [6.75, 9.25, 8, 9.75], "texture": "#0"},
				"west": {"uv": [6.5, 9.25, 6.75, 9.75], "texture": "#0"},
				"up": {"uv": [6.5, 9.25, 5.25, 9], "texture": "#0"},
				"down": {"uv": [7.75, 9, 6.5, 9.25], "texture": "#0"}
			}
		},
		{
			"name": "rychka",
			"from": [0, 14, -10],
			"to": [5, 16, -9],
			"faces": {
				"north": {"uv": [2.25, 9.25, 3.5, 9.75], "texture": "#0"},
				"east": {"uv": [2, 9.25, 2.25, 9.75], "texture": "#0"},
				"south": {"uv": [3.75, 9.25, 5, 9.75], "texture": "#0"},
				"west": {"uv": [3.5, 9.25, 3.75, 9.75], "texture": "#0"},
				"up": {"uv": [3.5, 9.25, 2.25, 9], "texture": "#0"},
				"down": {"uv": [4.75, 9, 3.5, 9.25], "texture": "#0"}
			}
		}
	],
	"display": {
		"thirdperson_righthand": {
			"translation": [4, -4, 7.5],
			"scale": [0.5, 0.5, 0.5]
		},
		"thirdperson_lefthand": {
			"translation": [-4, -5.25, 6.5],
			"scale": [0.5, 0.5, 0.5]
		},
		"firstperson_righthand": {
			"rotation": [0, 180, 0],
			"translation": [-6.25, -6.5, -21.5]
		},
		"firstperson_lefthand": {
			"rotation": [0, 180, 0],
			"translation": [10.75, -5.25, -22.75]
		},
		"ground": {
			"translation": [7, 3.25, 13]
		},
		"gui": {
			"rotation": [0, 180, 0],
			"translation": [-3.5, -3.75, 0],
			"scale": [0.5, 0.5, 0.5]
		},
		"fixed": {
			"rotation": [-90, 0, 0],
			"translation": [16, 25, -14.75],
			"scale": [2, 2, 2]
		}
	},
	"groups": [
		{
			"name": "door",
			"origin": [8, 0, -4],
			"color": 0,
			"children": [
				0,
				{
					"name": "hren",
					"origin": [-8, 11, -6],
					"color": 1,
					"children": [1]
				},
				{
					"name": "rychka",
					"origin": [-1, 15, -8],
					"color": 2,
					"children": [2, 3, 4, 5, 6]
				}
			]
		}
	]
}