{
	"credit": "Made with Blockbench",
	"parent": "anor_statue",
	"texture_size": [128, 128],
	"textures": {
		"0": "./anor_statue",
		"particle": "./anor_statue"
	},
	"elements": [
		{
			"name": "bb_main",
			"from": [-8, -9, -8],
			"to": [8, -2, 8],
			"faces": {
				"north": {"uv": [2, 9.75, 4, 10.625], "texture": "#0"},
				"east": {"uv": [0, 9.75, 2, 10.625], "texture": "#0"},
				"south": {"uv": [6, 9.75, 8, 10.625], "texture": "#0"},
				"west": {"uv": [4, 9.75, 6, 10.625], "texture": "#0"},
				"up": {"uv": [4, 9.75, 2, 7.75], "texture": "#0"},
				"down": {"uv": [6, 7.75, 4, 9.75], "texture": "#0"}
			}
		},
		{
			"name": "statue",
			"from": [0, -2, -2],
			"to": [4, 10, 2],
			"faces": {
				"north": {"uv": [7.25, 0.5, 7.75, 2], "texture": "#0"},
				"east": {"uv": [6.75, 0.5, 7.25, 2], "texture": "#0"},
				"south": {"uv": [8.25, 0.5, 8.75, 2], "texture": "#0"},
				"west": {"uv": [7.75, 0.5, 8.25, 2], "texture": "#0"},
				"up": {"uv": [7.75, 0.5, 7.25, 0], "texture": "#0"},
				"down": {"uv": [8.25, 0, 7.75, 0.5], "texture": "#0"}
			}
		},
		{
			"name": "statue",
			"from": [-4, -2, -2],
			"to": [0, 10, 2],
			"faces": {
				"north": {"uv": [5.5, 6.25, 6, 7.75], "texture": "#0"},
				"east": {"uv": [5, 6.25, 5.5, 7.75], "texture": "#0"},
				"south": {"uv": [6.5, 6.25, 7, 7.75], "texture": "#0"},
				"west": {"uv": [6, 6.25, 6.5, 7.75], "texture": "#0"},
				"up": {"uv": [6, 6.25, 5.5, 5.75], "texture": "#0"},
				"down": {"uv": [6.5, 5.75, 6, 6.25], "texture": "#0"}
			}
		},
		{
			"name": "statue",
			"from": [-4, 10, -2],
			"to": [4, 22, 2],
			"faces": {
				"north": {"uv": [0.5, 5.875, 1.5, 7.375], "texture": "#0"},
				"east": {"uv": [0, 5.875, 0.5, 7.375], "texture": "#0"},
				"south": {"uv": [2, 5.875, 3, 7.375], "texture": "#0"},
				"west": {"uv": [1.5, 5.875, 2, 7.375], "texture": "#0"},
				"up": {"uv": [1.5, 5.875, 0.5, 5.375], "texture": "#0"},
				"down": {"uv": [2.5, 5.375, 1.5, 5.875], "texture": "#0"}
			}
		},
		{
			"name": "statue",
			"from": [-11, 11, 1],
			"to": [-7, 23, 5],
			"rotation": {"angle": 22.5, "axis": "z", "origin": [-4, 31, 0]},
			"faces": {
				"north": {"uv": [3.5, 6.25, 4, 7.75], "texture": "#0"},
				"east": {"uv": [3, 6.25, 3.5, 7.75], "texture": "#0"},
				"south": {"uv": [4.5, 6.25, 5, 7.75], "texture": "#0"},
				"west": {"uv": [4, 6.25, 4.5, 7.75], "texture": "#0"},
				"up": {"uv": [4, 6.25, 3.5, 5.75], "texture": "#0"},
				"down": {"uv": [4.5, 5.75, 4, 6.25], "texture": "#0"}
			}
		},
		{
			"name": "statue",
			"from": [6.75, 11, 0.75882],
			"to": [10.75, 23, 4.75882],
			"rotation": {"angle": -22.5, "axis": "z", "origin": [4, 31, 0]},
			"faces": {
				"north": {"uv": [0.5, 0.5, 1, 2], "texture": "#0"},
				"east": {"uv": [0, 0.5, 0.5, 2], "texture": "#0"},
				"south": {"uv": [1.5, 0.5, 2, 2], "texture": "#0"},
				"west": {"uv": [1, 0.5, 1.5, 2], "texture": "#0"},
				"up": {"uv": [1, 0.5, 0.5, 0], "texture": "#0"},
				"down": {"uv": [1.5, 0, 1, 0.5], "texture": "#0"}
			}
		},
		{
			"name": "head",
			"from": [-2.5, 24.5, -12],
			"to": [-0.5, 24.5, -7],
			"rotation": {"angle": -22.5, "axis": "x", "origin": [0, 33, -4]},
			"faces": {
				"north": {"uv": [3, 4, 3.25, 4], "texture": "#0"},
				"east": {"uv": [2.375, 4, 3, 4], "texture": "#0"},
				"south": {"uv": [3.875, 4, 4.125, 4], "texture": "#0"},
				"west": {"uv": [3.25, 4, 3.875, 4], "texture": "#0"},
				"up": {"uv": [3.25, 4, 3, 3.375], "texture": "#0"},
				"down": {"uv": [3.5, 3.375, 3.25, 4], "texture": "#0"}
			}
		},
		{
			"name": "head",
			"from": [-4, 22, -4],
			"to": [4, 30, 4],
			"faces": {
				"north": {"uv": [1, 4.375, 2, 5.375], "texture": "#0"},
				"east": {"uv": [0, 4.375, 1, 5.375], "texture": "#0"},
				"south": {"uv": [3, 4.375, 4, 5.375], "texture": "#0"},
				"west": {"uv": [2, 4.375, 3, 5.375], "texture": "#0"},
				"up": {"uv": [2, 4.375, 1, 3.375], "texture": "#0"},
				"down": {"uv": [3, 3.375, 2, 4.375], "texture": "#0"}
			}
		},
		{
			"name": "hat",
			"from": [-4.8, 29, -4.8],
			"to": [4.8, 30, 4.8],
			"faces": {
				"north": {"uv": [5.125, 4.5, 6.25, 4.625], "texture": "#0"},
				"east": {"uv": [4, 4.5, 5.125, 4.625], "texture": "#0"},
				"south": {"uv": [7.375, 4.5, 8.5, 4.625], "texture": "#0"},
				"west": {"uv": [6.25, 4.5, 7.375, 4.625], "texture": "#0"},
				"up": {"uv": [6.25, 4.5, 5.125, 3.375], "texture": "#0"},
				"down": {"uv": [7.375, 3.375, 6.25, 4.5], "texture": "#0"}
			}
		},
		{
			"name": "hat",
			"from": [-4.1, 29.3, -4.1],
			"to": [4.1, 31, 4.1],
			"faces": {
				"north": {"uv": [4, 5.625, 5, 5.75], "texture": "#0"},
				"east": {"uv": [3, 5.625, 4, 5.75], "texture": "#0"},
				"south": {"uv": [6, 5.625, 7, 5.75], "texture": "#0"},
				"west": {"uv": [5, 5.625, 6, 5.75], "texture": "#0"},
				"up": {"uv": [5, 5.625, 4, 4.625], "texture": "#0"},
				"down": {"uv": [6, 4.625, 5, 5.625], "texture": "#0"}
			}
		}
	],
	"display": {
		"thirdperson_righthand": {
			"translation": [9, 4.5, 7]
		},
		"thirdperson_lefthand": {
			"translation": [-5.75, 0.5, 7.25]
		},
		"firstperson_righthand": {
			"rotation": [0, 180, 0],
			"translation": [-6.25, -5.75, -14]
		},
		"firstperson_lefthand": {
			"rotation": [0, 180, 0],
			"translation": [12, -4.75, -16]
		},
		"ground": {
			"translation": [9, 10.5, 7.75]
		},
		"gui": {
			"rotation": [0, 180, 0],
			"translation": [-7.75, 0, 0]
		},
		"fixed": {
			"rotation": [-90, 0, 0],
			"translation": [16, 16, -31.75],
			"scale": [2, 2, 2]
		}
	},
	"groups": [
		{
			"name": "bb_main",
			"origin": [0, 0, 0],
			"color": 0,
			"children": [0]
		},
		{
			"name": "statue",
			"origin": [0, 7, 0],
			"color": 1,
			"children": [
				1,
				2,
				3,
				4,
				5,
				{
					"name": "head",
					"origin": [0, 31, 0],
					"color": 2,
					"children": [
						6,
						7,
						{
							"name": "hat",
							"origin": [0, 37.7, 0],
							"color": 3,
							"children": [8, 9]
						}
					]
				}
			]
		}
	]
}