{
	"credit": "Made with Blockbench",
	"parent": "danya_statue",
	"texture_size": [128, 128],
	"textures": {
		"0": "./danya_statue",
		"particle": "./danya_statue"
	},
	"elements": [
		{
			"name": "bb_main",
			"from": [-8, -10, -8],
			"to": [8, -3, 8],
			"faces": {
				"north": {"uv": [2.125, 11.375, 4.125, 12.25], "texture": "#0"},
				"east": {"uv": [0.125, 11.375, 2.125, 12.25], "texture": "#0"},
				"south": {"uv": [6.125, 11.375, 8.125, 12.25], "texture": "#0"},
				"west": {"uv": [4.125, 11.375, 6.125, 12.25], "texture": "#0"},
				"up": {"uv": [4.125, 11.375, 2.125, 9.375], "texture": "#0"},
				"down": {"uv": [6.125, 9.375, 4.125, 11.375], "texture": "#0"}
			}
		},
		{
			"name": "statue",
			"from": [0, -3, -2],
			"to": [4, 9, 2],
			"rotation": {"angle": 0, "axis": "y", "origin": [0, -10, 0]},
			"faces": {
				"north": {"uv": [7.5, 5.125, 8, 6.625], "texture": "#0"},
				"east": {"uv": [7, 5.125, 7.5, 6.625], "texture": "#0"},
				"south": {"uv": [8.5, 5.125, 9, 6.625], "texture": "#0"},
				"west": {"uv": [8, 5.125, 8.5, 6.625], "texture": "#0"},
				"up": {"uv": [8, 5.125, 7.5, 4.625], "texture": "#0"},
				"down": {"uv": [8.5, 4.625, 8, 5.125], "texture": "#0"}
			}
		},
		{
			"name": "statue",
			"from": [-4, -3, -2],
			"to": [0, 9, 2],
			"rotation": {"angle": 0, "axis": "y", "origin": [0, -10, 0]},
			"faces": {
				"north": {"uv": [7.25, 0.5, 7.75, 2], "texture": "#0"},
				"east": {"uv": [6.75, 0.5, 7.25, 2], "texture": "#0"},
				"south": {"uv": [8.25, 0.5, 8.75, 2], "texture": "#0"},
				"west": {"uv": [7.75, 0.5, 8.25, 2], "texture": "#0"},
				"up": {"uv": [7.75, 0.5, 7.25, 0], "texture": "#0"},
				"down": {"uv": [8.25, 0, 7.75, 0.5], "texture": "#0"}
			}
		},
		{
			"name": "statue",
			"from": [-4, 9, -2],
			"to": [4, 22, 2],
			"rotation": {"angle": 0, "axis": "y", "origin": [0, -10, 0]},
			"faces": {
				"north": {"uv": [0.5, 6, 1.5, 7.625], "texture": "#0"},
				"east": {"uv": [0, 6, 0.5, 7.625], "texture": "#0"},
				"south": {"uv": [2, 6, 3, 7.625], "texture": "#0"},
				"west": {"uv": [1.5, 6, 2, 7.625], "texture": "#0"},
				"up": {"uv": [1.5, 6, 0.5, 5.5], "texture": "#0"},
				"down": {"uv": [2.5, 5.5, 1.5, 6], "texture": "#0"}
			}
		},
		{
			"name": "statue",
			"from": [4, 9, -2],
			"to": [8, 22, 2],
			"rotation": {"angle": 45, "axis": "x", "origin": [5, 21, 0]},
			"faces": {
				"north": {"uv": [5.5, 6.25, 6, 7.875], "texture": "#0"},
				"east": {"uv": [5, 6.25, 5.5, 7.875], "texture": "#0"},
				"south": {"uv": [6.5, 6.25, 7, 7.875], "texture": "#0"},
				"west": {"uv": [6, 6.25, 6.5, 7.875], "texture": "#0"},
				"up": {"uv": [6, 6.25, 5.5, 5.75], "texture": "#0"},
				"down": {"uv": [6.5, 5.75, 6, 6.25], "texture": "#0"}
			}
		},
		{
			"name": "statue",
			"from": [-8, 9, -2],
			"to": [-4, 22, 2],
			"rotation": {"angle": 0, "axis": "z", "origin": [-5, 21, 0]},
			"faces": {
				"north": {"uv": [3.5, 6.25, 4, 7.875], "texture": "#0"},
				"east": {"uv": [3, 6.25, 3.5, 7.875], "texture": "#0"},
				"south": {"uv": [4.5, 6.25, 5, 7.875], "texture": "#0"},
				"west": {"uv": [4, 6.25, 4.5, 7.875], "texture": "#0"},
				"up": {"uv": [4, 6.25, 3.5, 5.75], "texture": "#0"},
				"down": {"uv": [4.5, 5.75, 4, 6.25], "texture": "#0"}
			}
		},
		{
			"name": "statue",
			"from": [-4.5, -1, -2.1],
			"to": [0, 9, 2.1],
			"rotation": {"angle": 0, "axis": "z", "origin": [0, 7, 0]},
			"faces": {
				"north": {"uv": [0.5, 8.125, 1, 9.375], "texture": "#0"},
				"east": {"uv": [0, 8.125, 0.5, 9.375], "texture": "#0"},
				"south": {"uv": [1.5, 8.125, 2, 9.375], "texture": "#0"},
				"west": {"uv": [1, 8.125, 1.5, 9.375], "texture": "#0"},
				"up": {"uv": [1, 8.125, 0.5, 7.625], "texture": "#0"},
				"down": {"uv": [1.5, 7.625, 1, 8.125], "texture": "#0"}
			}
		},
		{
			"name": "statue",
			"from": [0, -1, -2.1],
			"to": [4.5, 9, 2.1],
			"rotation": {"angle": 0, "axis": "z", "origin": [0, 7, 0]},
			"faces": {
				"north": {"uv": [7.5, 7.125, 8, 8.375], "texture": "#0"},
				"east": {"uv": [7, 7.125, 7.5, 8.375], "texture": "#0"},
				"south": {"uv": [8.5, 7.125, 9, 8.375], "texture": "#0"},
				"west": {"uv": [8, 7.125, 8.5, 8.375], "texture": "#0"},
				"up": {"uv": [8, 7.125, 7.5, 6.625], "texture": "#0"},
				"down": {"uv": [8.5, 6.625, 8, 7.125], "texture": "#0"}
			}
		},
		{
			"name": "statue",
			"from": [-4.1, 8.9, -2.2],
			"to": [0.4, 22, 2.2],
			"rotation": {"angle": 0, "axis": "y", "origin": [0, -10, 0]},
			"faces": {
				"north": {"uv": [0.5, 0.5, 1, 2.125], "texture": "#0"},
				"east": {"uv": [0, 0.5, 0.5, 2.125], "texture": "#0"},
				"south": {"uv": [1.5, 0.5, 2, 2.125], "texture": "#0"},
				"west": {"uv": [1, 0.5, 1.5, 2.125], "texture": "#0"},
				"up": {"uv": [1, 0.5, 0.5, 0], "texture": "#0"},
				"down": {"uv": [1.5, 0, 1, 0.5], "texture": "#0"}
			}
		},
		{
			"name": "head",
			"from": [-4, 22, -4],
			"to": [4, 30, 4],
			"rotation": {"angle": 0, "axis": "y", "origin": [0, -2, 0]},
			"faces": {
				"north": {"uv": [1, 4.5, 2, 5.5], "texture": "#0"},
				"east": {"uv": [0, 4.5, 1, 5.5], "texture": "#0"},
				"south": {"uv": [3, 4.5, 4, 5.5], "texture": "#0"},
				"west": {"uv": [2, 4.5, 3, 5.5], "texture": "#0"},
				"up": {"uv": [2, 4.5, 1, 3.5], "texture": "#0"},
				"down": {"uv": [3, 3.5, 2, 4.5], "texture": "#0"}
			}
		},
		{
			"name": "hat",
			"from": [-4.1, 28.5, -4.1],
			"to": [4.1, 30, 4.1],
			"rotation": {"angle": 0, "axis": "y", "origin": [0, -2, 0]},
			"faces": {
				"north": {"uv": [4, 5.625, 5, 5.75], "texture": "#0"},
				"east": {"uv": [3, 5.625, 4, 5.75], "texture": "#0"},
				"south": {"uv": [6, 5.625, 7, 5.75], "texture": "#0"},
				"west": {"uv": [5, 5.625, 6, 5.75], "texture": "#0"},
				"up": {"uv": [5, 5.625, 4, 4.625], "texture": "#0"},
				"down": {"uv": [6, 4.625, 5, 5.625], "texture": "#0"}
			}
		},
		{
			"name": "hat",
			"from": [-4.2, 30, -4.7],
			"to": [4.2, 31, 4.2],
			"rotation": {"angle": 0, "axis": "y", "origin": [0, -2, 0]},
			"faces": {
				"north": {"uv": [5, 4.5, 6, 4.625], "texture": "#0"},
				"east": {"uv": [4, 4.5, 5, 4.625], "texture": "#0"},
				"south": {"uv": [7, 4.5, 8, 4.625], "texture": "#0"},
				"west": {"uv": [6, 4.5, 7, 4.625], "texture": "#0"},
				"up": {"uv": [6, 4.5, 5, 3.5], "texture": "#0"},
				"down": {"uv": [7, 3.5, 6, 4.5], "texture": "#0"}
			}
		},
		{
			"name": "hat",
			"from": [-4, 29, -8.7],
			"to": [4, 30, -6.7],
			"rotation": {"angle": -22.5, "axis": "x", "origin": [0, 36.1, -4]},
			"faces": {
				"north": {"uv": [7.25, 3.75, 8.25, 3.875], "texture": "#0"},
				"east": {"uv": [7, 3.75, 7.25, 3.875], "texture": "#0"},
				"south": {"uv": [8.5, 3.75, 9.5, 3.875], "texture": "#0"},
				"west": {"uv": [8.25, 3.75, 8.5, 3.875], "texture": "#0"},
				"up": {"uv": [8.25, 3.75, 7.25, 3.5], "texture": "#0"},
				"down": {"uv": [9.25, 3.5, 8.25, 3.75], "texture": "#0"}
			}
		}
	],
	"display": {
		"thirdperson_righthand": {
			"translation": [-6, 0, 9.75]
		},
		"thirdperson_lefthand": {
			"translation": [-7, 0, 6.75]
		},
		"firstperson_righthand": {
			"rotation": [0, 180, 0],
			"translation": [-5, -6, -15]
		},
		"firstperson_lefthand": {
			"rotation": [0, 180, 0],
			"translation": [10, -6, -15]
		},
		"ground": {
			"translation": [7.75, 11.75, 8.25]
		},
		"gui": {
			"rotation": [0, 180, 0],
			"translation": [-8, 0, 0]
		},
		"fixed": {
			"rotation": [-90, 0, 0],
			"translation": [16, 16, -33.25],
			"scale": [2, 2, 2]
		}
	},
	"groups": [
		{
			"name": "bb_main",
			"origin": [0, 0, 0],
			"color": 0,
			"children": [0]
		},
		{
			"name": "statue",
			"origin": [0, 7, 0],
			"color": 1,
			"children": [
				1,
				2,
				3,
				4,
				5,
				6,
				7,
				8,
				{
					"name": "head",
					"origin": [0, 32, 0],
					"color": 2,
					"children": [
						9,
						{
							"name": "hat",
							"origin": [0, 38.1, 0],
							"color": 3,
							"children": [10, 11, 12]
						}
					]
				}
			]
		}
	]
}