{
	"credit": "Made with Blockbench",
	"parent": "laminat_statue",
	"texture_size": [128, 128],
	"textures": {
		"0": "./laminat_statue",
		"particle": "./laminat_statue"
	},
	"elements": [
		{
			"name": "bb_main",
			"from": [-8, -10, -8],
			"to": [8, -3, 8],
			"faces": {
				"north": {"uv": [2, 2, 4, 2.875], "texture": "#0"},
				"east": {"uv": [0, 2, 2, 2.875], "texture": "#0"},
				"south": {"uv": [6, 2, 8, 2.875], "texture": "#0"},
				"west": {"uv": [4, 2, 6, 2.875], "texture": "#0"},
				"up": {"uv": [4, 2, 2, 0], "texture": "#0"},
				"down": {"uv": [6, 0, 4, 2], "texture": "#0"}
			}
		},
		{
			"name": "l1",
			"from": [-0.1, -3.1, -2.1],
			"to": [4.1, 0, 2.1],
			"faces": {
				"north": {"uv": [3.5, 3.375, 4, 3.75], "texture": "#0"},
				"east": {"uv": [3, 3.375, 3.5, 3.75], "texture": "#0"},
				"south": {"uv": [4.5, 3.375, 5, 3.75], "texture": "#0"},
				"west": {"uv": [4, 3.375, 4.5, 3.75], "texture": "#0"},
				"up": {"uv": [4, 3.375, 3.5, 2.875], "texture": "#0"},
				"down": {"uv": [4.5, 2.875, 4, 3.375], "texture": "#0"}
			}
		},
		{
			"name": "l1",
			"from": [0, -3, -2],
			"to": [4, 9, 2],
			"faces": {
				"north": {"uv": [6.25, 6.375, 6.75, 7.875], "texture": "#0"},
				"east": {"uv": [5.75, 6.375, 6.25, 7.875], "texture": "#0"},
				"south": {"uv": [7.25, 6.375, 7.75, 7.875], "texture": "#0"},
				"west": {"uv": [6.75, 6.375, 7.25, 7.875], "texture": "#0"},
				"up": {"uv": [6.75, 6.375, 6.25, 5.875], "texture": "#0"},
				"down": {"uv": [7.25, 5.875, 6.75, 6.375], "texture": "#0"}
			}
		},
		{
			"name": "l2",
			"from": [-4, -3, -2],
			"to": [0, 9, 2],
			"faces": {
				"north": {"uv": [0.5, 0.5, 1, 2], "texture": "#0"},
				"east": {"uv": [0, 0.5, 0.5, 2], "texture": "#0"},
				"south": {"uv": [1.5, 0.5, 2, 2], "texture": "#0"},
				"west": {"uv": [1, 0.5, 1.5, 2], "texture": "#0"},
				"up": {"uv": [1, 0.5, 0.5, 0], "texture": "#0"},
				"down": {"uv": [1.5, 0, 1, 0.5], "texture": "#0"}
			}
		},
		{
			"name": "l2",
			"from": [-4.1, -3.1, -2.1],
			"to": [0.1, 0, 2.1],
			"faces": {
				"north": {"uv": [7.5, 5.375, 8, 5.75], "texture": "#0"},
				"east": {"uv": [7, 5.375, 7.5, 5.75], "texture": "#0"},
				"south": {"uv": [8.5, 5.375, 9, 5.75], "texture": "#0"},
				"west": {"uv": [8, 5.375, 8.5, 5.75], "texture": "#0"},
				"up": {"uv": [8, 5.375, 7.5, 4.875], "texture": "#0"},
				"down": {"uv": [8.5, 4.875, 8, 5.375], "texture": "#0"}
			}
		},
		{
			"name": "body",
			"from": [-4, 9, -2],
			"to": [4, 21, 2],
			"faces": {
				"north": {"uv": [0.5, 5.375, 1.5, 6.875], "texture": "#0"},
				"east": {"uv": [0, 5.375, 0.5, 6.875], "texture": "#0"},
				"south": {"uv": [2, 5.375, 3, 6.875], "texture": "#0"},
				"west": {"uv": [1.5, 5.375, 2, 6.875], "texture": "#0"},
				"up": {"uv": [1.5, 5.375, 0.5, 4.875], "texture": "#0"},
				"down": {"uv": [2.5, 4.875, 1.5, 5.375], "texture": "#0"}
			}
		},
		{
			"name": "body",
			"from": [-3.9, 9, -2.2],
			"to": [3.9, 21, 2.1],
			"faces": {
				"north": {"uv": [3.5, 6.375, 4.375, 7.875], "texture": "#0"},
				"east": {"uv": [3, 6.375, 3.5, 7.875], "texture": "#0"},
				"south": {"uv": [4.875, 6.375, 5.75, 7.875], "texture": "#0"},
				"west": {"uv": [4.375, 6.375, 4.875, 7.875], "texture": "#0"},
				"up": {"uv": [4.375, 6.375, 3.5, 5.875], "texture": "#0"},
				"down": {"uv": [5.25, 5.875, 4.375, 6.375], "texture": "#0"}
			}
		},
		{
			"name": "head",
			"from": [-4, 21, -4],
			"to": [4, 29, 4],
			"faces": {
				"north": {"uv": [4, 4.875, 5, 5.875], "texture": "#0"},
				"east": {"uv": [3, 4.875, 4, 5.875], "texture": "#0"},
				"south": {"uv": [6, 4.875, 7, 5.875], "texture": "#0"},
				"west": {"uv": [5, 4.875, 6, 5.875], "texture": "#0"},
				"up": {"uv": [5, 4.875, 4, 3.875], "texture": "#0"},
				"down": {"uv": [6, 3.875, 5, 4.875], "texture": "#0"}
			}
		},
		{
			"name": "head",
			"from": [-4.2, 20.7, -4.2],
			"to": [4.2, 29, 4.2],
			"faces": {
				"north": {"uv": [1, 3.875, 2, 4.875], "texture": "#0"},
				"east": {"uv": [0, 3.875, 1, 4.875], "texture": "#0"},
				"south": {"uv": [3, 3.875, 4, 4.875], "texture": "#0"},
				"west": {"uv": [2, 3.875, 3, 4.875], "texture": "#0"},
				"up": {"uv": [2, 3.875, 1, 2.875], "texture": "#0"},
				"down": {"uv": [3, 2.875, 2, 3.875], "texture": "#0"}
			}
		},
		{
			"name": "a1",
			"from": [4, 9.1, -2],
			"to": [7, 21.1, 2],
			"faces": {
				"north": {"uv": [6.5, 3.375, 6.875, 4.875], "texture": "#0"},
				"east": {"uv": [6, 3.375, 6.5, 4.875], "texture": "#0"},
				"south": {"uv": [7.375, 3.375, 7.75, 4.875], "texture": "#0"},
				"west": {"uv": [6.875, 3.375, 7.375, 4.875], "texture": "#0"},
				"up": {"uv": [6.875, 3.375, 6.5, 2.875], "texture": "#0"},
				"down": {"uv": [7.25, 2.875, 6.875, 3.375], "texture": "#0"}
			}
		},
		{
			"name": "a1",
			"from": [5, 10.1, -2.1],
			"to": [7.1, 20.1, 2.1],
			"faces": {
				"north": {"uv": [0.5, 7.375, 0.75, 8.625], "texture": "#0"},
				"east": {"uv": [0, 7.375, 0.5, 8.625], "texture": "#0"},
				"south": {"uv": [1.25, 7.375, 1.5, 8.625], "texture": "#0"},
				"west": {"uv": [0.75, 7.375, 1.25, 8.625], "texture": "#0"},
				"up": {"uv": [0.75, 7.375, 0.5, 6.875], "texture": "#0"},
				"down": {"uv": [1, 6.875, 0.75, 7.375], "texture": "#0"}
			}
		},
		{
			"name": "botl",
			"from": [4.2, 5.6, 4],
			"to": [7.2, 11.6, 7],
			"rotation": {"angle": -45, "axis": "x", "origin": [0, 0, 0]},
			"faces": {
				"north": {"uv": [7.75, 7.875, 8.125, 8.625], "texture": "#0"},
				"east": {"uv": [7.375, 7.875, 7.75, 8.625], "texture": "#0"},
				"south": {"uv": [8.5, 7.875, 8.875, 8.625], "texture": "#0"},
				"west": {"uv": [8.125, 7.875, 8.5, 8.625], "texture": "#0"},
				"up": {"uv": [8.125, 7.875, 7.75, 7.5], "texture": "#0"},
				"down": {"uv": [8.5, 7.5, 8.125, 7.875], "texture": "#0"}
			}
		},
		{
			"name": "botl",
			"from": [4.3, 10.7, 4.1],
			"to": [7.1, 11.7, 6.9],
			"rotation": {"angle": -45, "axis": "x", "origin": [0, 0, 0]},
			"faces": {
				"north": {"uv": [0.25, 3.5, 0.5, 3.625], "texture": "#0"},
				"east": {"uv": [0, 3.5, 0.25, 3.625], "texture": "#0"},
				"south": {"uv": [0.75, 3.5, 1, 3.625], "texture": "#0"},
				"west": {"uv": [0.5, 3.5, 0.75, 3.625], "texture": "#0"},
				"up": {"uv": [0.5, 3.5, 0.25, 3.25], "texture": "#0"},
				"down": {"uv": [0.75, 3.25, 0.5, 3.5], "texture": "#0"}
			}
		},
		{
			"name": "botl",
			"from": [4.3, 5.5, 4.1],
			"to": [7.1, 6.5, 6.9],
			"rotation": {"angle": -45, "axis": "x", "origin": [0, 0, 0]},
			"faces": {
				"north": {"uv": [0.25, 3.125, 0.5, 3.25], "texture": "#0"},
				"east": {"uv": [0, 3.125, 0.25, 3.25], "texture": "#0"},
				"south": {"uv": [0.75, 3.125, 1, 3.25], "texture": "#0"},
				"west": {"uv": [0.5, 3.125, 0.75, 3.25], "texture": "#0"},
				"up": {"uv": [0.5, 3.125, 0.25, 2.875], "texture": "#0"},
				"down": {"uv": [0.75, 2.875, 0.5, 3.125], "texture": "#0"}
			}
		},
		{
			"name": "a2",
			"from": [-7, 9, -2],
			"to": [-4, 21, 2],
			"faces": {
				"north": {"uv": [6.5, 0.5, 6.875, 2], "texture": "#0"},
				"east": {"uv": [6, 0.5, 6.5, 2], "texture": "#0"},
				"south": {"uv": [7.375, 0.5, 7.75, 2], "texture": "#0"},
				"west": {"uv": [6.875, 0.5, 7.375, 2], "texture": "#0"},
				"up": {"uv": [6.875, 0.5, 6.5, 0], "texture": "#0"},
				"down": {"uv": [7.25, 0, 6.875, 0.5], "texture": "#0"}
			}
		},
		{
			"name": "a2",
			"from": [-7.1, 10, -2.1],
			"to": [-5, 20, 2.1],
			"faces": {
				"north": {"uv": [2, 7.375, 2.25, 8.625], "texture": "#0"},
				"east": {"uv": [1.5, 7.375, 2, 8.625], "texture": "#0"},
				"south": {"uv": [2.75, 7.375, 3, 8.625], "texture": "#0"},
				"west": {"uv": [2.25, 7.375, 2.75, 8.625], "texture": "#0"},
				"up": {"uv": [2.25, 7.375, 2, 6.875], "texture": "#0"},
				"down": {"uv": [2.5, 6.875, 2.25, 7.375], "texture": "#0"}
			}
		}
	],
	"display": {
		"thirdperson_righthand": {
			"translation": [-6, 0, 9.75]
		},
		"thirdperson_lefthand": {
			"translation": [-7, 0, 6.75]
		},
		"firstperson_righthand": {
			"rotation": [0, 180, 0],
			"translation": [-5, -6, -15]
		},
		"firstperson_lefthand": {
			"rotation": [0, 180, 0],
			"translation": [10, -6, -15]
		},
		"ground": {
			"translation": [8.25, 13.5, 7.5]
		},
		"gui": {
			"rotation": [0, 180, 0],
			"translation": [-8, 0, 0]
		},
		"fixed": {
			"rotation": [-90, 0, 0],
			"translation": [16, 16, -34],
			"scale": [2, 2, 2]
		}
	},
	"groups": [
		{
			"name": "bb_main",
			"origin": [0, 0, 0],
			"color": 0,
			"children": [0]
		},
		{
			"name": "l1",
			"origin": [1, 19, 0],
			"rotation": [-5, 0, 1],
			"color": 1,
			"children": [1, 2]
		},
		{
			"name": "l2",
			"origin": [-1, 19, 0],
			"rotation": [0, 0, -1],
			"color": 2,
			"children": [3, 4]
		},
		{
			"name": "body",
			"origin": [0, 19, 0],
			"color": 3,
			"children": [
				5,
				6,
				{
					"name": "head",
					"origin": [0, 31, 0],
					"rotation": [10, 0, 0],
					"color": 4,
					"children": [7, 8]
				},
				{
					"name": "a1",
					"origin": [4, 29.1, 0],
					"rotation": [115.33761, -9.05478, -4.26175],
					"color": 5,
					"children": [
						9,
						10,
						{
							"name": "botl",
							"origin": [6.2, 16.6, -5],
							"rotation": [-90, 0, 0],
							"color": 6,
							"children": [11, 12, 13]
						}
					]
				},
				{
					"name": "a2",
					"origin": [-4, 30, 0],
					"rotation": [33.06041, 12.44601, -0.88668],
					"color": 7,
					"children": [14, 15]
				}
			]
		}
	]
}