{
	"credit": "Made with Blockbench",
	"parent": "timkey_statue",
	"texture_size": [128, 128],
	"textures": {
		"0": "./timkey_statue",
		"particle": "./timkey_statue"
	},
	"elements": [
		{
			"name": "bb_main",
			"from": [-8, -7, -8],
			"to": [8, 0, 8],
			"faces": {
				"north": {"uv": [2, 2, 4, 2.875], "texture": "#0"},
				"east": {"uv": [0, 2, 2, 2.875], "texture": "#0"},
				"south": {"uv": [6, 2, 8, 2.875], "texture": "#0"},
				"west": {"uv": [4, 2, 6, 2.875], "texture": "#0"},
				"up": {"uv": [4, 2, 2, 0], "texture": "#0"},
				"down": {"uv": [6, 0, 4, 2], "texture": "#0"}
			}
		},
		{
			"name": "head",
			"from": [-4, 23.9, -4],
			"to": [4, 32, 4],
			"faces": {
				"north": {"uv": [4, 4.875, 5, 5.875], "texture": "#0"},
				"east": {"uv": [3, 4.875, 4, 5.875], "texture": "#0"},
				"south": {"uv": [6, 4.875, 7, 5.875], "texture": "#0"},
				"west": {"uv": [5, 4.875, 6, 5.875], "texture": "#0"},
				"up": {"uv": [5, 4.875, 4, 3.875], "texture": "#0"},
				"down": {"uv": [6, 3.875, 5, 4.875], "texture": "#0"}
			}
		},
		{
			"name": "head",
			"from": [-4.1, 23.8, -4.1],
			"to": [4.1, 32, 4.1],
			"faces": {
				"north": {"uv": [1, 3.875, 2, 4.875], "texture": "#0"},
				"east": {"uv": [0, 3.875, 1, 4.875], "texture": "#0"},
				"south": {"uv": [3, 3.875, 4, 4.875], "texture": "#0"},
				"west": {"uv": [2, 3.875, 3, 4.875], "texture": "#0"},
				"up": {"uv": [2, 3.875, 1, 2.875], "texture": "#0"},
				"down": {"uv": [3, 2.875, 2, 3.875], "texture": "#0"}
			}
		},
		{
			"name": "body",
			"from": [-4, 12, -2],
			"to": [4, 24, 2],
			"faces": {
				"north": {"uv": [0.5, 5.375, 1.5, 6.875], "texture": "#0"},
				"east": {"uv": [0, 5.375, 0.5, 6.875], "texture": "#0"},
				"south": {"uv": [2, 5.375, 3, 6.875], "texture": "#0"},
				"west": {"uv": [1.5, 5.375, 2, 6.875], "texture": "#0"},
				"up": {"uv": [1.5, 5.375, 0.5, 4.875], "texture": "#0"},
				"down": {"uv": [2.5, 4.875, 1.5, 5.375], "texture": "#0"}
			}
		},
		{
			"name": "body",
			"from": [-3.9, 12.1, -2.1],
			"to": [3.9, 23.9, 2.1],
			"faces": {
				"north": {"uv": [3.5, 6.375, 4.375, 7.75], "texture": "#0"},
				"east": {"uv": [3, 6.375, 3.5, 7.75], "texture": "#0"},
				"south": {"uv": [4.875, 6.375, 5.75, 7.75], "texture": "#0"},
				"west": {"uv": [4.375, 6.375, 4.875, 7.75], "texture": "#0"},
				"up": {"uv": [4.375, 6.375, 3.5, 5.875], "texture": "#0"},
				"down": {"uv": [5.25, 5.875, 4.375, 6.375], "texture": "#0"}
			}
		},
		{
			"name": "a1",
			"from": [-8, 12, -2],
			"to": [-4, 24, 2],
			"faces": {
				"north": {"uv": [0.5, 0.5, 1, 2], "texture": "#0"},
				"east": {"uv": [0, 0.5, 0.5, 2], "texture": "#0"},
				"south": {"uv": [1.5, 0.5, 2, 2], "texture": "#0"},
				"west": {"uv": [1, 0.5, 1.5, 2], "texture": "#0"},
				"up": {"uv": [1, 0.5, 0.5, 0], "texture": "#0"},
				"down": {"uv": [1.5, 0, 1, 0.5], "texture": "#0"}
			}
		},
		{
			"name": "a1",
			"from": [-8.1, 13, -2.1],
			"to": [-4.1, 15, 2.1],
			"faces": {
				"north": {"uv": [2, 7.75, 2.5, 8], "texture": "#0"},
				"east": {"uv": [1.5, 7.75, 2, 8], "texture": "#0"},
				"south": {"uv": [3, 7.75, 3.5, 8], "texture": "#0"},
				"west": {"uv": [2.5, 7.75, 3, 8], "texture": "#0"},
				"up": {"uv": [2.5, 7.75, 2, 7.25], "texture": "#0"},
				"down": {"uv": [3, 7.25, 2.5, 7.75], "texture": "#0"}
			}
		},
		{
			"name": "a2",
			"from": [4, 11.8, -2],
			"to": [8, 23.8, 2],
			"faces": {
				"north": {"uv": [6.25, 6.375, 6.75, 7.875], "texture": "#0"},
				"east": {"uv": [5.75, 6.375, 6.25, 7.875], "texture": "#0"},
				"south": {"uv": [7.25, 6.375, 7.75, 7.875], "texture": "#0"},
				"west": {"uv": [6.75, 6.375, 7.25, 7.875], "texture": "#0"},
				"up": {"uv": [6.75, 6.375, 6.25, 5.875], "texture": "#0"},
				"down": {"uv": [7.25, 5.875, 6.75, 6.375], "texture": "#0"}
			}
		},
		{
			"name": "a2",
			"from": [4.1, 12.8, -2.1],
			"to": [8.1, 14.8, 2.1],
			"faces": {
				"north": {"uv": [7.5, 5.375, 8, 5.625], "texture": "#0"},
				"east": {"uv": [7, 5.375, 7.5, 5.625], "texture": "#0"},
				"south": {"uv": [8.5, 5.375, 9, 5.625], "texture": "#0"},
				"west": {"uv": [8, 5.375, 8.5, 5.625], "texture": "#0"},
				"up": {"uv": [8, 5.375, 7.5, 4.875], "texture": "#0"},
				"down": {"uv": [8.5, 4.875, 8, 5.375], "texture": "#0"}
			}
		},
		{
			"name": "b1",
			"from": [-4, 0, -2],
			"to": [0, 12, 2],
			"faces": {
				"north": {"uv": [6.5, 0.5, 7, 2], "texture": "#0"},
				"east": {"uv": [6, 0.5, 6.5, 2], "texture": "#0"},
				"south": {"uv": [7.5, 0.5, 8, 2], "texture": "#0"},
				"west": {"uv": [7, 0.5, 7.5, 2], "texture": "#0"},
				"up": {"uv": [7, 0.5, 6.5, 0], "texture": "#0"},
				"down": {"uv": [7.5, 0, 7, 0.5], "texture": "#0"}
			}
		},
		{
			"name": "b2",
			"from": [0, 0, -2],
			"to": [4, 12, 2],
			"faces": {
				"north": {"uv": [6.5, 3.375, 7, 4.875], "texture": "#0"},
				"east": {"uv": [6, 3.375, 6.5, 4.875], "texture": "#0"},
				"south": {"uv": [7.5, 3.375, 8, 4.875], "texture": "#0"},
				"west": {"uv": [7, 3.375, 7.5, 4.875], "texture": "#0"},
				"up": {"uv": [7, 3.375, 6.5, 2.875], "texture": "#0"},
				"down": {"uv": [7.5, 2.875, 7, 3.375], "texture": "#0"}
			}
		},
		{
			"name": "b2",
			"from": [-0.1, 0, -2.1],
			"to": [4.1, 3, 2.1],
			"faces": {
				"north": {"uv": [3.5, 3.375, 4, 3.75], "texture": "#0"},
				"east": {"uv": [3, 3.375, 3.5, 3.75], "texture": "#0"},
				"south": {"uv": [4.5, 3.375, 5, 3.75], "texture": "#0"},
				"west": {"uv": [4, 3.375, 4.5, 3.75], "texture": "#0"},
				"up": {"uv": [4, 3.375, 3.5, 2.875], "texture": "#0"},
				"down": {"uv": [4.5, 2.875, 4, 3.375], "texture": "#0"}
			}
		},
		{
			"name": "b1",
			"from": [-4.1, 0, -2.1],
			"to": [0.1, 3, 2.1],
			"faces": {
				"north": {"uv": [0.5, 7.375, 1, 7.75], "texture": "#0"},
				"east": {"uv": [0, 7.375, 0.5, 7.75], "texture": "#0"},
				"south": {"uv": [1.5, 7.375, 2, 7.75], "texture": "#0"},
				"west": {"uv": [1, 7.375, 1.5, 7.75], "texture": "#0"},
				"up": {"uv": [1, 7.375, 0.5, 6.875], "texture": "#0"},
				"down": {"uv": [1.5, 6.875, 1, 7.375], "texture": "#0"}
			}
		}
	],
	"display": {
		"thirdperson_righthand": {
			"translation": [-6, 0, 9.75]
		},
		"thirdperson_lefthand": {
			"translation": [-7, 0, 6.75]
		},
		"firstperson_righthand": {
			"rotation": [0, 180, 0],
			"translation": [-5, -6.5, -15]
		},
		"firstperson_lefthand": {
			"rotation": [0, 180, 0],
			"translation": [10, -6, -15]
		},
		"ground": {
			"translation": [8.25, 9.75, 7.75]
		},
		"gui": {
			"rotation": [0, 180, 0],
			"translation": [-8, 0, 0]
		},
		"fixed": {
			"rotation": [-90, 0, 0],
			"translation": [16, 16, -28],
			"scale": [2, 2, 2]
		}
	},
	"groups": [
		{
			"name": "bb_main",
			"origin": [0, 0, 0],
			"color": 0,
			"children": [0]
		},
		{
			"name": "head",
			"origin": [0, 31, 0],
			"rotation": [-2.5, 0, 0],
			"color": 1,
			"children": [1, 2]
		},
		{
			"name": "body",
			"origin": [0, 19, 0],
			"color": 2,
			"children": [
				3,
				4,
				{
					"name": "a1",
					"origin": [-5, 31, 0],
					"rotation": [-7.49294, -0.32621, -2.47864],
					"color": 3,
					"children": [5, 6]
				},
				{
					"name": "a2",
					"origin": [5, 29.8, 0],
					"rotation": [78.01668, -3.62127, 2.49273],
					"color": 4,
					"children": [7, 8]
				}
			]
		},
		{
			"name": "b1",
			"origin": [-1, 19, 0],
			"rotation": [-2.5, 0, 0],
			"color": 5,
			"children": [
				9,
				{
					"name": "b2",
					"origin": [1, 19, 0],
					"rotation": [5, 0, 0],
					"color": 6,
					"children": [10, 11]
				},
				12
			]
		}
	]
}