{
	"credit": "Made with Blockbench",
	"parent": "safe",
	"texture_size": [64, 64],
	"textures": {
		"0": "./safe",
		"particle": "./safe"
	},
	"elements": [
		{
			"name": "bb_main",
			"from": [-8.1, -16, -8.1],
			"to": [8.1, 0.1, 8.1],
			"faces": {
				"north": {"uv": [4, 4, 8, 8], "texture": "#0"},
				"east": {"uv": [0, 4, 4, 8], "texture": "#0"},
				"south": {"uv": [12, 4, 16, 8], "texture": "#0"},
				"west": {"uv": [8, 4, 12, 8], "texture": "#0"},
				"up": {"uv": [8, 4, 4, 0], "texture": "#0"},
				"down": {"uv": [12, 0, 8, 4], "texture": "#0"}
			}
		},
		{
			"name": "dver",
			"from": [-7, -15, -8.6],
			"to": [7, -1, -7.6],
			"faces": {
				"north": {"uv": [0.25, 8.25, 3.75, 11.75], "texture": "#0"},
				"east": {"uv": [0, 8.25, 0.25, 11.75], "texture": "#0"},
				"south": {"uv": [4, 8.25, 7.5, 11.75], "texture": "#0"},
				"west": {"uv": [3.75, 8.25, 4, 11.75], "texture": "#0"},
				"up": {"uv": [3.75, 8.25, 0.25, 8], "texture": "#0"},
				"down": {"uv": [7.25, 8, 3.75, 8.25], "texture": "#0"}
			}
		},
		{
			"name": "dver",
			"from": [-5, -10, -9],
			"to": [-1, -4, -8],
			"faces": {
				"north": {"uv": [0.25, 0.25, 1.25, 1.75], "texture": "#0"},
				"east": {"uv": [0, 0.25, 0.25, 1.75], "texture": "#0"},
				"south": {"uv": [1.5, 0.25, 2.5, 1.75], "texture": "#0"},
				"west": {"uv": [1.25, 0.25, 1.5, 1.75], "texture": "#0"},
				"up": {"uv": [1.25, 0.25, 0.25, 0], "texture": "#0"},
				"down": {"uv": [2.25, 0, 1.25, 0.25], "texture": "#0"}
			}
		},
		{
			"name": "dver",
			"from": [-7.2, -10, -8],
			"to": [-6.2, -9, -7],
			"faces": {
				"north": {"uv": [1.25, 2, 1.5, 2.25], "texture": "#0"},
				"east": {"uv": [1, 2, 1.25, 2.25], "texture": "#0"},
				"south": {"uv": [1.75, 2, 2, 2.25], "texture": "#0"},
				"west": {"uv": [1.5, 2, 1.75, 2.25], "texture": "#0"},
				"up": {"uv": [1.5, 2, 1.25, 1.75], "texture": "#0"},
				"down": {"uv": [1.75, 1.75, 1.5, 2], "texture": "#0"}
			}
		},
		{
			"name": "dver",
			"from": [-7.2, -8, -8],
			"to": [-6.2, -6, -7],
			"faces": {
				"north": {"uv": [0.25, 2, 0.5, 2.5], "texture": "#0"},
				"east": {"uv": [0, 2, 0.25, 2.5], "texture": "#0"},
				"south": {"uv": [0.75, 2, 1, 2.5], "texture": "#0"},
				"west": {"uv": [0.5, 2, 0.75, 2.5], "texture": "#0"},
				"up": {"uv": [0.5, 2, 0.25, 1.75], "texture": "#0"},
				"down": {"uv": [0.75, 1.75, 0.5, 2], "texture": "#0"}
			}
		}
	],
	"display": {
		"thirdperson_righthand": {
			"translation": [3.75, 12.5, 4.5],
			"scale": [0.5, 0.5, 0.5]
		},
		"thirdperson_lefthand": {
			"translation": [-3.75, 10.5, 6.25],
			"scale": [0.5, 0.5, 0.5]
		},
		"firstperson_righthand": {
			"rotation": [-11, 180, 0],
			"translation": [-3.25, 14.5, -26.25]
		},
		"firstperson_lefthand": {
			"rotation": [-5, 180, 0],
			"translation": [13.5, 15, -27.25]
		},
		"ground": {
			"translation": [7.5, 21.25, 8.5]
		},
		"gui": {
			"rotation": [0, 180, 0],
			"translation": [-8, 16, 0]
		},
		"fixed": {
			"rotation": [-90, 0, 0],
			"translation": [15.75, 16.75, -46.25],
			"scale": [2, 2, 2]
		}
	},
	"groups": [
		{
			"name": "bb_main",
			"origin": [0, 0, 0],
			"color": 0,
			"children": [0]
		},
		{
			"name": "dver",
			"origin": [7, -15, -8],
			"color": 1,
			"children": [1, 2, 3, 4]
		}
	]
}