{
	"credit": "Made with Blockbench",
	"parent": "hatandstraw",
	"texture_size": [128, 128],
	"textures": {
		"0": "./anor_statue",
		"particle": "./anor_statue"
	},
	"elements": [
		{
			"name": "head",
			"from": [-2.5, 24.5, -12],
			"to": [-0.5, 24.5, -7],
			"rotation": {"angle": -22.5, "axis": "x", "origin": [0, 33, -4]},
			"faces": {
				"north": {"uv": [3, 4, 3.25, 4], "texture": "#missing"},
				"east": {"uv": [2.375, 4, 3, 4], "texture": "#missing"},
				"south": {"uv": [3.875, 4, 4.125, 4], "texture": "#missing"},
				"west": {"uv": [3.25, 4, 3.875, 4], "texture": "#missing"},
				"up": {"uv": [3.25, 4, 3, 3.375], "texture": "#0"},
				"down": {"uv": [3.25, 3.375, 3, 4], "texture": "#0"}
			}
		},
		{
			"name": "hat",
			"from": [-4.8, 29, -4.8],
			"to": [4.8, 30, 4.8],
			"faces": {
				"north": {"uv": [5.125, 4.5, 6.25, 4.625], "texture": "#0"},
				"east": {"uv": [4, 4.5, 5.125, 4.625], "texture": "#0"},
				"south": {"uv": [7.375, 4.5, 8.5, 4.625], "texture": "#0"},
				"west": {"uv": [6.25, 4.5, 7.375, 4.625], "texture": "#0"},
				"up": {"uv": [6.25, 4.53125, 5.125, 3.40625], "texture": "#0"},
				"down": {"uv": [7.375, 3.40625, 6.25, 4.53125], "texture": "#0"}
			}
		},
		{
			"name": "hat",
			"from": [-4.1, 29.3, -4.1],
			"to": [4.1, 31, 4.1],
			"faces": {
				"north": {"uv": [4, 5.625, 5, 5.75], "texture": "#0"},
				"east": {"uv": [3, 5.625, 4, 5.75], "texture": "#0"},
				"south": {"uv": [6, 5.625, 7, 5.75], "texture": "#0"},
				"west": {"uv": [5, 5.625, 6, 5.75], "texture": "#0"},
				"up": {"uv": [5, 5.625, 4, 4.625], "texture": "#0"},
				"down": {"uv": [6, 4.625, 5, 5.625], "texture": "#0"}
			}
		}
	],
	"display": {
		"thirdperson_righthand": {
			"translation": [7.5, -21.75, 7.5]
		},
		"thirdperson_lefthand": {
			"translation": [-6.5, -21.25, 9.5]
		},
		"firstperson_righthand": {
			"translation": [7.75, -20, 6]
		},
		"firstperson_lefthand": {
			"translation": [-7.5, -21, 3.5]
		},
		"ground": {
			"translation": [10.5, -23.5, 10]
		},
		"gui": {
			"translation": [16.5, -37.75, 0],
			"scale": [2, 2, 2]
		},
		"head": {
			"translation": [12, -26.5, 12.25],
			"scale": [1.5, 1.5, 1.5]
		},
		"fixed": {
			"rotation": [-90, 0, 0],
			"translation": [16, 16, 39.75],
			"scale": [2, 2, 2]
		}
	},
	"groups": [
		0,
		{
			"name": "hat",
			"origin": [0, 37.7, 0],
			"color": 3,
			"children": [1, 2]
		}
	]
}