{
	"credit": "Made with Blockbench",
	"textures": {
		"0": "./plakat.png",
		"3": "./plakat.png",
		"particle": "./2018"
	},
	"elements": [
		{
			"from": [4, 8, 7.75],
			"to": [12, 16, 8.25],
			"faces": {
				"north": {"uv": [0, 0, 15.94839, 8], "texture": "#3"},
				"east": {"uv": [16, 16, 4.31935, 16], "texture": "#3"},
				"south": {"uv": [0, 16, 4.02581, 16], "texture": "#3"},
				"west": {"uv": [16, 16, 14.03871, 16], "texture": "#3"},
				"up": {"uv": [9.03226, 16, 12.8, 16], "texture": "#3"},
				"down": {"uv": [0, 15, 8, 16], "texture": "#0"}
			}
		},
		{
			"from": [4, 0, 7.75],
			"to": [12, 8, 8.25],
			"faces": {
				"north": {"uv": [0, 8, 16, 16], "texture": "#3"},
				"east": {"uv": [16, 16, 8.5, 16], "texture": "#3"},
				"south": {"uv": [1.90968, 16, 3.14839, 16], "texture": "#3"},
				"west": {"uv": [8.30968, 16, 15.9375, 16], "texture": "#3"},
				"up": {"uv": [8, 0, 16, 1], "texture": "#0"},
				"down": {"uv": [8.56774, 16, 16, 16], "texture": "#3"}
			}
		}
	],
	"display": {
		"thirdperson_righthand": {
			"rotation": [0, 90, 0],
			"translation": [0, -1, -2]
		},
		"thirdperson_lefthand": {
			"rotation": [0, 90, 0],
			"translation": [0, -1, -2]
		},
		"firstperson_righthand": {
			"rotation": [10, 115, -15],
			"translation": [0, 5, 1],
			"scale": [0.65, 0.65, 0.65]
		},
		"firstperson_lefthand": {
			"rotation": [10, 115, -15],
			"translation": [0, 5, 1],
			"scale": [0.65, 0.65, 0.65]
		},
		"ground": {
			"rotation": [90, 0, 0],
			"translation": [0, -1, 4]
		},
		"gui": {
			"rotation": [0, -180, 0],
			"scale": [0.9, 0.9, 0.9]
		},
		"fixed": {
			"translation": [0, 16, 0.98],
			"scale": [4, 4, 4]
		}
	}
}