{
	"credit": "Made with Blockbench",
	"parent": "cb_globus",
	"texture_size": [64, 64],
	"textures": {
		"0": "./cb_globus",
		"particle": "./cb_globus"
	},
	"elements": [
		{
			"name": "bb_main",
			"from": [-3, 0, -3],
			"to": [3, 1, 3],
			"faces": {
				"north": {"uv": [1.5, 5.5, 3, 5.75], "texture": "#0"},
				"east": {"uv": [0, 5.5, 1.5, 5.75], "texture": "#0"},
				"south": {"uv": [4.5, 5.5, 6, 5.75], "texture": "#0"},
				"west": {"uv": [3, 5.5, 4.5, 5.75], "texture": "#0"},
				"up": {"uv": [3, 5.5, 1.5, 4], "texture": "#0"},
				"down": {"uv": [4.5, 4, 3, 5.5], "texture": "#0"}
			}
		},
		{
			"name": "bb_main",
			"from": [-1, 1, -1],
			"to": [1, 4, 1],
			"faces": {
				"north": {"uv": [0.5, 0.5, 1, 1.25], "texture": "#0"},
				"east": {"uv": [0, 0.5, 0.5, 1.25], "texture": "#0"},
				"south": {"uv": [1.5, 0.5, 2, 1.25], "texture": "#0"},
				"west": {"uv": [1, 0.5, 1.5, 1.25], "texture": "#0"},
				"up": {"uv": [1, 0.5, 0.5, 0], "texture": "#0"},
				"down": {"uv": [1.5, 0, 1, 0.5], "texture": "#0"}
			}
		},
		{
			"name": "bb_main",
			"from": [1, 2, -1],
			"to": [6, 3, 1],
			"faces": {
				"north": {"uv": [5, 4.5, 6.25, 4.75], "texture": "#0"},
				"east": {"uv": [4.5, 4.5, 5, 4.75], "texture": "#0"},
				"south": {"uv": [6.75, 4.5, 8, 4.75], "texture": "#0"},
				"west": {"uv": [6.25, 4.5, 6.75, 4.75], "texture": "#0"},
				"up": {"uv": [6.25, 4.5, 5, 4], "texture": "#0"},
				"down": {"uv": [7.5, 4, 6.25, 4.5], "texture": "#0"}
			}
		},
		{
			"name": "bb_main",
			"from": [5, 3, -1],
			"to": [6, 14, 1],
			"faces": {
				"north": {"uv": [6, 5.75, 6.25, 8.5], "texture": "#0"},
				"east": {"uv": [5.5, 5.75, 6, 8.5], "texture": "#0"},
				"south": {"uv": [6.75, 5.75, 7, 8.5], "texture": "#0"},
				"west": {"uv": [6.25, 5.75, 6.75, 8.5], "texture": "#0"},
				"up": {"uv": [6.25, 5.75, 6, 5.25], "texture": "#0"},
				"down": {"uv": [6.5, 5.25, 6.25, 5.75], "texture": "#0"}
			}
		},
		{
			"name": "bb_main",
			"from": [1, 13, -1],
			"to": [5, 14, 1],
			"faces": {
				"north": {"uv": [0.5, 6.25, 1.5, 6.5], "texture": "#0"},
				"east": {"uv": [0, 6.25, 0.5, 6.5], "texture": "#0"},
				"south": {"uv": [2, 6.25, 3, 6.5], "texture": "#0"},
				"west": {"uv": [1.5, 6.25, 2, 6.5], "texture": "#0"},
				"up": {"uv": [1.5, 6.25, 0.5, 5.75], "texture": "#0"},
				"down": {"uv": [2.5, 5.75, 1.5, 6.25], "texture": "#0"}
			}
		},
		{
			"name": "bb_main",
			"from": [-1, 12, -1],
			"to": [1, 14, 1],
			"faces": {
				"north": {"uv": [3.5, 6.25, 4, 6.75], "texture": "#0"},
				"east": {"uv": [3, 6.25, 3.5, 6.75], "texture": "#0"},
				"south": {"uv": [4.5, 6.25, 5, 6.75], "texture": "#0"},
				"west": {"uv": [4, 6.25, 4.5, 6.75], "texture": "#0"},
				"up": {"uv": [4, 6.25, 3.5, 5.75], "texture": "#0"},
				"down": {"uv": [4.5, 5.75, 4, 6.25], "texture": "#0"}
			}
		},
		{
			"name": "bone",
			"from": [-4, 4, -4],
			"to": [4, 12, 4],
			"faces": {
				"north": {"uv": [2, 2, 4, 4], "texture": "#0"},
				"east": {"uv": [0, 2, 2, 4], "texture": "#0"},
				"south": {"uv": [6, 2, 8, 4], "texture": "#0"},
				"west": {"uv": [4, 2, 6, 4], "texture": "#0"},
				"up": {"uv": [4, 2, 2, 0], "texture": "#0"},
				"down": {"uv": [6, 0, 4, 2], "texture": "#0"}
			}
		}
	],
	"display": {
		"thirdperson_righthand": {
			"translation": [-4.5, 4.75, 9.5]
		},
		"firstperson_righthand": {
			"translation": [8.5, 0, 0]
		},
		"firstperson_lefthand": {
			"translation": [-3, 0, 0]
		},
		"ground": {
			"translation": [7.25, 4.75, 7.75]
		},
		"gui": {
			"translation": [7.75, 0, 0]
		},
		"head": {
			"translation": [8, 13.75, 8]
		},
		"fixed": {
			"rotation": [-90, 0, 0],
			"translation": [15, 15, -15],
			"scale": [2, 2, 2]
		}
	},
	"groups": [
		{
			"name": "bb_main",
			"origin": [0, 0, 0],
			"color": 0,
			"children": [0, 1, 2, 3, 4, 5]
		},
		{
			"name": "bone",
			"origin": [0, 4, 0],
			"rotation": [0, 7.5, 0],
			"color": 1,
			"children": [6]
		}
	]
}