{
	"credit": "Made with Blockbench",
	"parent": "symkacheresplecho",
	"texture_size": [32, 32],
	"textures": {
		"0": "symkacheresplecho",
		"particle": "symkacheresplecho"
	},
	"elements": [
		{
			"from": [10, 1, 4],
			"to": [12, 11, 12],
			"faces": {
				"north": {"uv": [0, 6.5, 1, 11.5], "texture": "#0"},
				"east": {"uv": [0, 0, 4, 5], "texture": "#0"},
				"south": {"uv": [1, 6.5, 2, 11.5], "texture": "#0"},
				"west": {"uv": [4, 0, 8, 5], "texture": "#0"},
				"up": {"uv": [3, 10.5, 2, 6.5], "texture": "#0"},
				"down": {"uv": [4, 6.5, 3, 10.5], "texture": "#0"}
			}
		},
		{
			"from": [13, 2, 4],
			"to": [15, 5, 12],
			"rotation": {"angle": 22.5, "axis": "z", "origin": [0, 0, 0]},
			"faces": {
				"north": {"uv": [9, 0, 10, 1.5], "texture": "#0"},
				"east": {"uv": [0, 5, 4, 6.5], "texture": "#0"},
				"south": {"uv": [9, 1.5, 10, 3], "texture": "#0"},
				"west": {"uv": [4, 5, 8, 6.5], "texture": "#0"},
				"up": {"uv": [5, 10.5, 4, 6.5], "texture": "#0"},
				"down": {"uv": [6, 6.5, 5, 10.5], "texture": "#0"}
			}
		},
		{
			"from": [9, 10, 5],
			"to": [10, 19, 6],
			"faces": {
				"north": {"uv": [6, 6.5, 6.5, 11], "texture": "#0"},
				"east": {"uv": [6.5, 6.5, 7, 11], "texture": "#0"},
				"south": {"uv": [7, 6.5, 7.5, 11], "texture": "#0"},
				"west": {"uv": [7.5, 6.5, 8, 11], "texture": "#0"},
				"up": {"uv": [9.5, 9.5, 9, 9], "texture": "#0"},
				"down": {"uv": [10, 3, 9.5, 3.5], "texture": "#0"}
			}
		},
		{
			"from": [9, 10, 10],
			"to": [10, 19, 11],
			"faces": {
				"north": {"uv": [8, 0, 8.5, 4.5], "texture": "#0"},
				"east": {"uv": [8, 4.5, 8.5, 9], "texture": "#0"},
				"south": {"uv": [8.5, 0, 9, 4.5], "texture": "#0"},
				"west": {"uv": [8.5, 4.5, 9, 9], "texture": "#0"},
				"up": {"uv": [10, 4, 9.5, 3.5], "texture": "#0"},
				"down": {"uv": [10, 4, 9.5, 4.5], "texture": "#0"}
			}
		},
		{
			"from": [8, 19, 5],
			"to": [9, 21, 6],
			"faces": {
				"north": {"uv": [9, 3, 9.5, 4], "texture": "#0"},
				"east": {"uv": [9, 4, 9.5, 5], "texture": "#0"},
				"south": {"uv": [9, 5, 9.5, 6], "texture": "#0"},
				"west": {"uv": [9, 6, 9.5, 7], "texture": "#0"},
				"up": {"uv": [10, 5, 9.5, 4.5], "texture": "#0"},
				"down": {"uv": [10, 5, 9.5, 5.5], "texture": "#0"}
			}
		},
		{
			"from": [8, 19, 10],
			"to": [9, 21, 11],
			"faces": {
				"north": {"uv": [9, 7, 9.5, 8], "texture": "#0"},
				"east": {"uv": [8, 9, 8.5, 10], "texture": "#0"},
				"south": {"uv": [9, 8, 9.5, 9], "texture": "#0"},
				"west": {"uv": [8.5, 9, 9, 10], "texture": "#0"},
				"up": {"uv": [10, 6, 9.5, 5.5], "texture": "#0"},
				"down": {"uv": [10, 6, 9.5, 6.5], "texture": "#0"}
			}
		}
	],
	"display": {
		"thirdperson_righthand": {
			"rotation": [65.11, -2.97, 4.41],
			"translation": [-3, -4.25, 3.5],
			"scale": [0.7, 0.7, 0.7]
		},
		"thirdperson_lefthand": {
			"rotation": [75, 180, 4.41],
			"translation": [-3.25, -3, 3.5],
			"scale": [0.7, 0.7, 0.7]
		},
		"firstperson_righthand": {
			"translation": [7.25, -80, 0]
		},
		"firstperson_lefthand": {
			"translation": [0, -80, 0]
		},
		"ground": {
			"rotation": [0, 0, 90],
			"translation": [0, -5.25, 0]
		},
		"gui": {
			"rotation": [0, -90, 0],
			"translation": [0, -2.25, 0]
		},
		"fixed": {
			"rotation": [0, 90, 0],
			"translation": [0, 1.5, 3.25]
		}
	}
}