{
	"credit": "Made with Blockbench",
	"parent": "gerb_USLB",
	"texture_size": [64, 64],
	"textures": {
		"1": "./gerb_USLB"
	},
	"elements": [
		{
			"from": [9, 0, 12],
			"to": [13, 2, 14],
			"faces": {
				"north": {"uv": [5, 7, 7, 8], "texture": "#1"},
				"east": {"uv": [8, 4, 9, 5], "texture": "#1"},
				"south": {"uv": [7, 7, 9, 8], "texture": "#1"},
				"west": {"uv": [8, 5, 9, 6], "texture": "#1"},
				"up": {"uv": [2, 9, 0, 8], "texture": "#1"},
				"down": {"uv": [10, 1, 8, 2], "texture": "#1"}
			}
		},
		{
			"from": [3, 0, 12],
			"to": [7, 2, 14],
			"faces": {
				"north": {"uv": [2, 8, 4, 9], "texture": "#1"},
				"east": {"uv": [6, 8, 7, 9], "texture": "#1"},
				"south": {"uv": [8, 2, 10, 3], "texture": "#1"},
				"west": {"uv": [7, 8, 8, 9], "texture": "#1"},
				"up": {"uv": [10, 4, 8, 3], "texture": "#1"},
				"down": {"uv": [6, 8, 4, 9], "texture": "#1"}
			}
		},
		{
			"from": [5, 0, 10],
			"to": [11, 2, 12],
			"faces": {
				"north": {"uv": [5, 1, 8, 2], "texture": "#missing"},
				"east": {"uv": [8, 8, 9, 9], "texture": "#1"},
				"south": {"uv": [5, 2, 8, 3], "texture": "#1"},
				"west": {"uv": [0, 9, 1, 10], "texture": "#1"},
				"up": {"uv": [8, 4, 5, 3], "texture": "#1"},
				"down": {"uv": [8, 4, 5, 5], "texture": "#1"}
			}
		},
		{
			"from": [3, 0, 5],
			"to": [13, 2, 10],
			"faces": {
				"north": {"uv": [0, 5, 5, 6], "texture": "#1"},
				"east": {"uv": [0, 7, 2.5, 8], "texture": "#1"},
				"south": {"uv": [5, 0, 10, 1], "texture": "#1"},
				"west": {"uv": [2.5, 7, 5, 8], "texture": "#1"},
				"up": {"uv": [5, 2.5, 0, 0], "texture": "#1"},
				"down": {"uv": [5, 2.5, 0, 5], "texture": "#1"}
			}
		},
		{
			"from": [5, 0, 3],
			"to": [11, 2, 5],
			"faces": {
				"north": {"uv": [5, 5, 8, 6], "texture": "#1"},
				"east": {"uv": [1, 9, 2, 10], "texture": "#1"},
				"south": {"uv": [0, 6, 3, 7], "texture": "#missing"},
				"west": {"uv": [2, 9, 3, 10], "texture": "#1"},
				"up": {"uv": [6, 7, 3, 6], "texture": "#1"},
				"down": {"uv": [9, 6, 6, 7], "texture": "#1"}
			}
		},
		{
			"from": [11, 0, 1],
			"to": [13, 2, 3],
			"faces": {
				"north": {"uv": [3, 9, 4, 10], "texture": "#1"},
				"east": {"uv": [4, 9, 5, 10], "texture": "#1"},
				"south": {"uv": [9, 4, 10, 5], "texture": "#1"},
				"west": {"uv": [5, 9, 6, 10], "texture": "#1"},
				"up": {"uv": [10, 6, 9, 5], "texture": "#1"},
				"down": {"uv": [7, 9, 6, 10], "texture": "#1"}
			}
		},
		{
			"from": [7, 0, 1],
			"to": [9, 2, 3],
			"faces": {
				"north": {"uv": [9, 6, 10, 7], "texture": "#1"},
				"east": {"uv": [7, 9, 8, 10], "texture": "#1"},
				"south": {"uv": [9, 7, 10, 8], "texture": "#missing"},
				"west": {"uv": [8, 9, 9, 10], "texture": "#1"},
				"up": {"uv": [10, 9, 9, 8], "texture": "#1"},
				"down": {"uv": [10, 9, 9, 10], "texture": "#1"}
			}
		},
		{
			"from": [3, 0, 1],
			"to": [5, 2, 3],
			"faces": {
				"north": {"uv": [0, 10, 1, 11], "texture": "#1"},
				"east": {"uv": [10, 0, 11, 1], "texture": "#1"},
				"south": {"uv": [1, 10, 2, 11], "texture": "#1"},
				"west": {"uv": [10, 1, 11, 2], "texture": "#1"},
				"up": {"uv": [3, 11, 2, 10], "texture": "#1"},
				"down": {"uv": [11, 2, 10, 3], "texture": "#1"}
			}
		}
	],
	"display": {
		"thirdperson_righthand": {
			"rotation": [-90, 0, 0],
			"translation": [0, 0, -4],
			"scale": [0.5, 0.5, 0.5]
		},
		"thirdperson_lefthand": {
			"rotation": [-90, 0, 0],
			"translation": [0, 0, -4],
			"scale": [0.5, 0.5, 0.5]
		},
		"firstperson_righthand": {
			"rotation": [-102, 0, -13],
			"translation": [5.75, 1.5, -15.75]
		},
		"firstperson_lefthand": {
			"rotation": [-102, 0, -13],
			"translation": [9, 2.5, -19.5]
		},
		"ground": {
			"translation": [0, 4.25, 0]
		},
		"gui": {
			"rotation": [-90, 0, 0]
		},
		"fixed": {
			"rotation": [90, 0, 0],
			"translation": [0, 0, 13.25],
			"scale": [2, 2, 2]
		}
	},
	"groups": [
		{
			"name": "orel",
			"origin": [0, 0, 0],
			"color": 0,
			"children": [0, 1, 2, 3, 4, 5, 6, 7]
		}
	]
}