{
	"credit": "Made with Blockbench",
	"parent": "statue_of_liberty",
	"texture_size": [64, 64],
	"textures": {
		"0": "./statue_of_liberty",
		"particle": "./statue_of_liberty"
	},
	"elements": [
		{
			"from": [9, 0, 12],
			"to": [13, 2, 14],
			"faces": {
				"north": {"uv": [1.25, 6, 2.25, 6.5], "texture": "#0"},
				"east": {"uv": [3.5, 6.75, 4, 7.25], "texture": "#0"},
				"south": {"uv": [3.75, 6, 4.75, 6.5], "texture": "#0"},
				"west": {"uv": [4, 6.75, 4.5, 7.25], "texture": "#0"},
				"up": {"uv": [5.75, 6.5, 4.75, 6], "texture": "#0"},
				"down": {"uv": [7, 5, 6, 5.5], "texture": "#0"}
			}
		},
		{
			"from": [3, 0, 12],
			"to": [7, 2, 14],
			"faces": {
				"north": {"uv": [6, 5.5, 7, 6], "texture": "#0"},
				"east": {"uv": [4.5, 6.75, 5, 7.25], "texture": "#0"},
				"south": {"uv": [5.75, 6, 6.75, 6.5], "texture": "#0"},
				"west": {"uv": [5, 6.75, 5.5, 7.25], "texture": "#0"},
				"up": {"uv": [7.25, 3, 6.25, 2.5], "texture": "#0"},
				"down": {"uv": [7.25, 3.75, 6.25, 4.25], "texture": "#0"}
			}
		},
		{
			"from": [5, 0, 10],
			"to": [11, 2, 12],
			"faces": {
				"north": {"uv": [4.75, 4, 6.25, 4.5], "texture": "#0"},
				"east": {"uv": [5.5, 6.75, 6, 7.25], "texture": "#0"},
				"south": {"uv": [4.5, 5, 6, 5.5], "texture": "#0"},
				"west": {"uv": [6, 6.75, 6.5, 7.25], "texture": "#0"},
				"up": {"uv": [7, 0.5, 5.5, 0], "texture": "#0"},
				"down": {"uv": [7, 0.5, 5.5, 1], "texture": "#0"}
			}
		},
		{
			"from": [3, 0, 5],
			"to": [13, 2, 10],
			"faces": {
				"north": {"uv": [3.75, 2.75, 6.25, 3.25], "texture": "#0"},
				"east": {"uv": [5.75, 3.25, 7, 3.75], "texture": "#0"},
				"south": {"uv": [3.75, 4.5, 6.25, 5], "texture": "#0"},
				"west": {"uv": [0, 6, 1.25, 6.5], "texture": "#0"},
				"up": {"uv": [2.5, 1.25, 0, 0], "texture": "#0"},
				"down": {"uv": [2.5, 1.25, 0, 2.5], "texture": "#0"}
			}
		},
		{
			"from": [5, 0, 3],
			"to": [11, 2, 5],
			"faces": {
				"north": {"uv": [5.5, 1, 7, 1.5], "texture": "#0"},
				"east": {"uv": [6.75, 6, 7.25, 6.5], "texture": "#0"},
				"south": {"uv": [5.5, 1.5, 7, 2], "texture": "#0"},
				"west": {"uv": [6.5, 6.75, 7, 7.25], "texture": "#0"},
				"up": {"uv": [6, 6, 4.5, 5.5], "texture": "#0"},
				"down": {"uv": [7.25, 2, 5.75, 2.5], "texture": "#0"}
			}
		},
		{
			"from": [11, 0, 1],
			"to": [13, 2, 3],
			"faces": {
				"north": {"uv": [7, 0, 7.5, 0.5], "texture": "#0"},
				"east": {"uv": [0.5, 7, 1, 7.5], "texture": "#0"},
				"south": {"uv": [7, 0.5, 7.5, 1], "texture": "#0"},
				"west": {"uv": [1, 7, 1.5, 7.5], "texture": "#0"},
				"up": {"uv": [7.5, 1.5, 7, 1], "texture": "#0"},
				"down": {"uv": [2, 7, 1.5, 7.5], "texture": "#0"}
			}
		},
		{
			"from": [7, 0, 1],
			"to": [9, 2, 3],
			"faces": {
				"north": {"uv": [7, 1.5, 7.5, 2], "texture": "#0"},
				"east": {"uv": [2, 7, 2.5, 7.5], "texture": "#0"},
				"south": {"uv": [7, 3.25, 7.5, 3.75], "texture": "#0"},
				"west": {"uv": [7, 5, 7.5, 5.5], "texture": "#0"},
				"up": {"uv": [7.5, 6, 7, 5.5], "texture": "#0"},
				"down": {"uv": [7.5, 6.75, 7, 7.25], "texture": "#0"}
			}
		},
		{
			"from": [3, 0, 1],
			"to": [5, 2, 3],
			"faces": {
				"north": {"uv": [7.25, 2, 7.75, 2.5], "texture": "#0"},
				"east": {"uv": [7.25, 2.5, 7.75, 3], "texture": "#0"},
				"south": {"uv": [3.5, 7.25, 4, 7.75], "texture": "#0"},
				"west": {"uv": [7.25, 3.75, 7.75, 4.25], "texture": "#0"},
				"up": {"uv": [4.5, 7.75, 4, 7.25], "texture": "#0"},
				"down": {"uv": [5, 7.25, 4.5, 7.75], "texture": "#0"}
			}
		},
		{
			"from": [6, 2, 5],
			"to": [11, 3, 6],
			"faces": {
				"north": {"uv": [6.25, 3, 7.5, 3.25], "texture": "#0"},
				"east": {"uv": [7.5, 7, 7.75, 7.25], "texture": "#0"},
				"south": {"uv": [6.25, 4.25, 7.5, 4.5], "texture": "#0"},
				"west": {"uv": [0.5, 7.75, 0.75, 8], "texture": "#0"},
				"up": {"uv": [7.5, 4.75, 6.25, 4.5], "texture": "#0"},
				"down": {"uv": [7.5, 4.75, 6.25, 5], "texture": "#0"}
			}
		},
		{
			"from": [10, 3, 6],
			"to": [11, 4, 9],
			"faces": {
				"north": {"uv": [0.75, 7.75, 1, 8], "texture": "#0"},
				"east": {"uv": [5, 7.25, 5.75, 7.5], "texture": "#0"},
				"south": {"uv": [1, 7.75, 1.25, 8], "texture": "#0"},
				"west": {"uv": [5.75, 7.25, 6.5, 7.5], "texture": "#0"},
				"up": {"uv": [2.5, 3.25, 2.25, 2.5], "texture": "#0"},
				"down": {"uv": [3.75, 1.25, 3.5, 2], "texture": "#0"}
			}
		},
		{
			"from": [5, 2, 6],
			"to": [6, 6, 9],
			"faces": {
				"north": {"uv": [1.75, 5, 2, 6], "texture": "#0"},
				"east": {"uv": [4.75, 0, 5.5, 1], "texture": "#0"},
				"south": {"uv": [2, 5, 2.25, 6], "texture": "#0"},
				"west": {"uv": [4.75, 1, 5.5, 2], "texture": "#0"},
				"up": {"uv": [6.75, 8, 6.5, 7.25], "texture": "#0"},
				"down": {"uv": [7, 7.25, 6.75, 8], "texture": "#0"}
			}
		},
		{
			"from": [6, 2, 9],
			"to": [10, 8, 10],
			"faces": {
				"north": {"uv": [3.75, 1.25, 4.75, 2.75], "texture": "#0"},
				"east": {"uv": [0, 6.5, 0.25, 8], "texture": "#0"},
				"south": {"uv": [0, 4.5, 1, 6], "texture": "#0"},
				"west": {"uv": [0.25, 6.5, 0.5, 8], "texture": "#0"},
				"up": {"uv": [6.5, 6.75, 5.5, 6.5], "texture": "#0"},
				"down": {"uv": [7.5, 6.5, 6.5, 6.75], "texture": "#0"}
			}
		},
		{
			"from": [6, 2, 6],
			"to": [10, 10, 9],
			"faces": {
				"north": {"uv": [0, 2.5, 1, 4.5], "texture": "#0"},
				"east": {"uv": [2.25, 4.5, 3, 6.5], "texture": "#0"},
				"south": {"uv": [2.5, 0, 3.5, 2], "texture": "#0"},
				"west": {"uv": [3, 4.5, 3.75, 6.5], "texture": "#0"},
				"up": {"uv": [5.75, 2.75, 4.75, 2], "texture": "#0"},
				"down": {"uv": [5.75, 3.25, 4.75, 4], "texture": "#0"}
			}
		},
		{
			"from": [6, 3, 5],
			"to": [11, 4, 6],
			"faces": {
				"north": {"uv": [0.5, 6.5, 1.75, 6.75], "texture": "#0"},
				"east": {"uv": [7.75, 1, 8, 1.25], "texture": "#0"},
				"south": {"uv": [1.75, 6.5, 3, 6.75], "texture": "#0"},
				"west": {"uv": [7.75, 1.25, 8, 1.5], "texture": "#0"},
				"up": {"uv": [4.25, 6.75, 3, 6.5], "texture": "#0"},
				"down": {"uv": [5.5, 6.5, 4.25, 6.75], "texture": "#0"}
			}
		},
		{
			"from": [6, 4, 5],
			"to": [9, 5, 6],
			"faces": {
				"north": {"uv": [7.25, 6, 8, 6.25], "texture": "#0"},
				"east": {"uv": [1.5, 7.75, 1.75, 8], "texture": "#0"},
				"south": {"uv": [7.25, 6.25, 8, 6.5], "texture": "#0"},
				"west": {"uv": [7.75, 1.5, 8, 1.75], "texture": "#0"},
				"up": {"uv": [7.75, 7.5, 7, 7.25], "texture": "#0"},
				"down": {"uv": [8.25, 0, 7.5, 0.25], "texture": "#0"}
			}
		},
		{
			"from": [5, 6, 8],
			"to": [6, 7, 9],
			"faces": {
				"north": {"uv": [1.75, 7.75, 2, 8], "texture": "#0"},
				"east": {"uv": [2, 7.75, 2.25, 8], "texture": "#0"},
				"south": {"uv": [7.75, 2, 8, 2.25], "texture": "#0"},
				"west": {"uv": [2.25, 7.75, 2.5, 8], "texture": "#0"},
				"up": {"uv": [8, 2.5, 7.75, 2.25], "texture": "#0"},
				"down": {"uv": [2.75, 7.75, 2.5, 8], "texture": "#0"}
			}
		},
		{
			"from": [8, 8, 9],
			"to": [10, 9, 10],
			"faces": {
				"north": {"uv": [5.75, 2.5, 6.25, 2.75], "texture": "#0"},
				"east": {"uv": [7.75, 2.5, 8, 2.75], "texture": "#0"},
				"south": {"uv": [5.75, 3.75, 6.25, 4], "texture": "#0"},
				"west": {"uv": [2.75, 7.75, 3, 8], "texture": "#0"},
				"up": {"uv": [2, 7.75, 1.5, 7.5], "texture": "#0"},
				"down": {"uv": [8, 1.75, 7.5, 2], "texture": "#0"}
			}
		},
		{
			"from": [10, 2, 6],
			"to": [11, 3, 10],
			"faces": {
				"north": {"uv": [7.75, 2.75, 8, 3], "texture": "#0"},
				"east": {"uv": [0.5, 6.75, 1.5, 7], "texture": "#0"},
				"south": {"uv": [3, 7.75, 3.25, 8], "texture": "#0"},
				"west": {"uv": [1.5, 6.75, 2.5, 7], "texture": "#0"},
				"up": {"uv": [2.75, 7.75, 2.5, 6.75], "texture": "#0"},
				"down": {"uv": [3, 6.75, 2.75, 7.75], "texture": "#0"}
			}
		},
		{
			"from": [10, 4, 6],
			"to": [11, 5, 8],
			"faces": {
				"north": {"uv": [3.25, 7.75, 3.5, 8], "texture": "#0"},
				"east": {"uv": [2, 7.5, 2.5, 7.75], "texture": "#0"},
				"south": {"uv": [7.75, 3.25, 8, 3.5], "texture": "#0"},
				"west": {"uv": [7.5, 3, 8, 3.25], "texture": "#0"},
				"up": {"uv": [7.75, 3.75, 7.5, 3.25], "texture": "#0"},
				"down": {"uv": [7.75, 4.25, 7.5, 4.75], "texture": "#0"}
			}
		},
		{
			"from": [10, 5, 6],
			"to": [11, 6, 7],
			"faces": {
				"north": {"uv": [3.5, 7.75, 3.75, 8], "texture": "#0"},
				"east": {"uv": [7.75, 3.5, 8, 3.75], "texture": "#0"},
				"south": {"uv": [3.75, 7.75, 4, 8], "texture": "#0"},
				"west": {"uv": [7.75, 3.75, 8, 4], "texture": "#0"},
				"up": {"uv": [4.25, 8, 4, 7.75], "texture": "#0"},
				"down": {"uv": [8, 4, 7.75, 4.25], "texture": "#0"}
			}
		},
		{
			"from": [5, 5, 4],
			"to": [8, 9, 5],
			"faces": {
				"north": {"uv": [1, 5, 1.75, 6], "texture": "#0"},
				"east": {"uv": [3, 6.75, 3.25, 7.75], "texture": "#0"},
				"south": {"uv": [3.75, 5, 4.5, 6], "texture": "#0"},
				"west": {"uv": [3.25, 6.75, 3.5, 7.75], "texture": "#0"},
				"up": {"uv": [8.25, 0.5, 7.5, 0.25], "texture": "#0"},
				"down": {"uv": [1.25, 7.5, 0.5, 7.75], "texture": "#0"}
			}
		},
		{
			"from": [4, 7, 7],
			"to": [6, 8, 8],
			"faces": {
				"north": {"uv": [7.5, 4.75, 8, 5], "texture": "#0"},
				"east": {"uv": [4.25, 7.75, 4.5, 8], "texture": "#0"},
				"south": {"uv": [5, 7.5, 5.5, 7.75], "texture": "#0"},
				"west": {"uv": [7.75, 4.25, 8, 4.5], "texture": "#0"},
				"up": {"uv": [8, 5.25, 7.5, 5], "texture": "#0"},
				"down": {"uv": [8, 5.25, 7.5, 5.5], "texture": "#0"}
			}
		},
		{
			"from": [4, 7, 4],
			"to": [5, 8, 7],
			"faces": {
				"north": {"uv": [4.5, 7.75, 4.75, 8], "texture": "#0"},
				"east": {"uv": [7.5, 0.5, 8.25, 0.75], "texture": "#0"},
				"south": {"uv": [7.75, 4.5, 8, 4.75], "texture": "#0"},
				"west": {"uv": [7.5, 0.75, 8.25, 1], "texture": "#0"},
				"up": {"uv": [7.75, 1.75, 7.5, 1], "texture": "#0"},
				"down": {"uv": [1.5, 7.5, 1.25, 8.25], "texture": "#0"}
			}
		},
		{
			"from": [5, 7, 3],
			"to": [6, 8, 4],
			"faces": {
				"north": {"uv": [4.75, 7.75, 5, 8], "texture": "#0"},
				"east": {"uv": [5, 7.75, 5.25, 8], "texture": "#0"},
				"south": {"uv": [5.25, 7.75, 5.5, 8], "texture": "#0"},
				"west": {"uv": [5.5, 7.75, 5.75, 8], "texture": "#0"},
				"up": {"uv": [6, 8, 5.75, 7.75], "texture": "#0"},
				"down": {"uv": [6.25, 7.75, 6, 8], "texture": "#0"}
			}
		},
		{
			"from": [10, 7, 7],
			"to": [12, 8, 8],
			"faces": {
				"north": {"uv": [5.5, 7.5, 6, 7.75], "texture": "#0"},
				"east": {"uv": [6.25, 7.75, 6.5, 8], "texture": "#0"},
				"south": {"uv": [7.5, 5.5, 8, 5.75], "texture": "#0"},
				"west": {"uv": [7.75, 6.5, 8, 6.75], "texture": "#0"},
				"up": {"uv": [8, 6, 7.5, 5.75], "texture": "#0"},
				"down": {"uv": [6.5, 7.5, 6, 7.75], "texture": "#0"}
			}
		},
		{
			"from": [12, 8, 7],
			"to": [13, 10, 8],
			"faces": {
				"north": {"uv": [7.5, 6.5, 7.75, 7], "texture": "#0"},
				"east": {"uv": [7, 7.5, 7.25, 8], "texture": "#0"},
				"south": {"uv": [7.25, 7.5, 7.5, 8], "texture": "#0"},
				"west": {"uv": [7.5, 7.5, 7.75, 8], "texture": "#0"},
				"up": {"uv": [8, 7, 7.75, 6.75], "texture": "#0"},
				"down": {"uv": [8, 7, 7.75, 7.25], "texture": "#0"}
			}
		},
		{
			"from": [12, 7.5, 7],
			"to": [13, 8, 8],
			"faces": {
				"north": {"uv": [8.25, 4.25, 8.5, 4.375], "texture": "#0"},
				"east": {"uv": [4.5, 8.25, 4.75, 8.375], "texture": "#0"},
				"south": {"uv": [8.25, 4.5, 8.5, 4.625], "texture": "#0"},
				"west": {"uv": [4.75, 8.25, 5, 8.375], "texture": "#0"},
				"up": {"uv": [8, 7.5, 7.75, 7.25], "texture": "#0"},
				"down": {"uv": [8, 7.5, 7.75, 7.75], "texture": "#0"}
			}
		},
		{
			"from": [12, 7, 7],
			"to": [12.5, 7.5, 8],
			"faces": {
				"north": {"uv": [8.75, 0.25, 8.875, 0.375], "texture": "#0"},
				"east": {"uv": [8.25, 4.75, 8.5, 4.875], "texture": "#0"},
				"south": {"uv": [0.5, 8.75, 0.625, 8.875], "texture": "#0"},
				"west": {"uv": [5, 8.25, 5.25, 8.375], "texture": "#0"},
				"up": {"uv": [8.375, 5.25, 8.25, 5], "texture": "#0"},
				"down": {"uv": [5.375, 8.25, 5.25, 8.5], "texture": "#0"}
			}
		},
		{
			"from": [13, 10, 7],
			"to": [14, 11, 8],
			"faces": {
				"north": {"uv": [7.75, 7.75, 8, 8], "texture": "#0"},
				"east": {"uv": [0, 8, 0.25, 8.25], "texture": "#0"},
				"south": {"uv": [0.25, 8, 0.5, 8.25], "texture": "#0"},
				"west": {"uv": [0.5, 8, 0.75, 8.25], "texture": "#0"},
				"up": {"uv": [1, 8.25, 0.75, 8], "texture": "#0"},
				"down": {"uv": [1.25, 8, 1, 8.25], "texture": "#0"}
			}
		},
		{
			"from": [11, 10, 7],
			"to": [12, 11, 8],
			"faces": {
				"north": {"uv": [8, 1, 8.25, 1.25], "texture": "#0"},
				"east": {"uv": [8, 1.25, 8.25, 1.5], "texture": "#0"},
				"south": {"uv": [1.5, 8, 1.75, 8.25], "texture": "#0"},
				"west": {"uv": [8, 1.5, 8.25, 1.75], "texture": "#0"},
				"up": {"uv": [2, 8.25, 1.75, 8], "texture": "#0"},
				"down": {"uv": [8.25, 1.75, 8, 2], "texture": "#0"}
			}
		},
		{
			"from": [12, 10, 8],
			"to": [13, 11, 9],
			"faces": {
				"north": {"uv": [2, 8, 2.25, 8.25], "texture": "#0"},
				"east": {"uv": [8, 2, 8.25, 2.25], "texture": "#0"},
				"south": {"uv": [2.25, 8, 2.5, 8.25], "texture": "#0"},
				"west": {"uv": [8, 2.25, 8.25, 2.5], "texture": "#0"},
				"up": {"uv": [2.75, 8.25, 2.5, 8], "texture": "#0"},
				"down": {"uv": [8.25, 2.5, 8, 2.75], "texture": "#0"}
			}
		},
		{
			"from": [12, 10, 6],
			"to": [13, 11, 7],
			"faces": {
				"north": {"uv": [2.75, 8, 3, 8.25], "texture": "#0"},
				"east": {"uv": [8, 2.75, 8.25, 3], "texture": "#0"},
				"south": {"uv": [3, 8, 3.25, 8.25], "texture": "#0"},
				"west": {"uv": [8, 3, 8.25, 3.25], "texture": "#0"},
				"up": {"uv": [3.5, 8.25, 3.25, 8], "texture": "#0"},
				"down": {"uv": [8.25, 3.25, 8, 3.5], "texture": "#0"}
			}
		},
		{
			"from": [6, 10, 5],
			"to": [11, 15, 10],
			"faces": {
				"north": {"uv": [1, 2.5, 2.25, 3.75], "texture": "#0"},
				"east": {"uv": [2.5, 2, 3.75, 3.25], "texture": "#0"},
				"south": {"uv": [2.25, 3.25, 3.5, 4.5], "texture": "#0"},
				"west": {"uv": [3.5, 0, 4.75, 1.25], "texture": "#0"},
				"up": {"uv": [4.75, 4.5, 3.5, 3.25], "texture": "#0"},
				"down": {"uv": [2.25, 3.75, 1, 5], "texture": "#0"}
			}
		},
		{
			"from": [9, 15, 4],
			"to": [10, 16, 5],
			"faces": {
				"north": {"uv": [3.5, 8, 3.75, 8.25], "texture": "#0"},
				"east": {"uv": [8, 3.5, 8.25, 3.75], "texture": "#0"},
				"south": {"uv": [3.75, 8, 4, 8.25], "texture": "#0"},
				"west": {"uv": [8, 3.75, 8.25, 4], "texture": "#0"},
				"up": {"uv": [4.25, 8.25, 4, 8], "texture": "#0"},
				"down": {"uv": [8.25, 4, 8, 4.25], "texture": "#0"}
			}
		},
		{
			"from": [7, 15, 4],
			"to": [8, 16, 5],
			"faces": {
				"north": {"uv": [4.25, 8, 4.5, 8.25], "texture": "#0"},
				"east": {"uv": [8, 4.25, 8.25, 4.5], "texture": "#0"},
				"south": {"uv": [4.5, 8, 4.75, 8.25], "texture": "#0"},
				"west": {"uv": [8, 4.5, 8.25, 4.75], "texture": "#0"},
				"up": {"uv": [5, 8.25, 4.75, 8], "texture": "#0"},
				"down": {"uv": [8.25, 4.75, 8, 5], "texture": "#0"}
			}
		},
		{
			"from": [11, 14.5, 6],
			"to": [12, 15, 7],
			"faces": {
				"north": {"uv": [8.25, 5.25, 8.5, 5.375], "texture": "#0"},
				"east": {"uv": [5.5, 8.25, 5.75, 8.375], "texture": "#0"},
				"south": {"uv": [8.25, 5.5, 8.5, 5.625], "texture": "#0"},
				"west": {"uv": [5.75, 8.25, 6, 8.375], "texture": "#0"},
				"up": {"uv": [5.25, 8.25, 5, 8], "texture": "#0"},
				"down": {"uv": [8.25, 5, 8, 5.25], "texture": "#0"}
			}
		},
		{
			"from": [11, 14, 6],
			"to": [11.5, 14.5, 7],
			"faces": {
				"north": {"uv": [8.75, 0.5, 8.875, 0.625], "texture": "#0"},
				"east": {"uv": [8.25, 5.75, 8.5, 5.875], "texture": "#0"},
				"south": {"uv": [0.75, 8.75, 0.875, 8.875], "texture": "#0"},
				"west": {"uv": [6, 8.25, 6.25, 8.375], "texture": "#0"},
				"up": {"uv": [8.375, 6.25, 8.25, 6], "texture": "#0"},
				"down": {"uv": [6.375, 8.25, 6.25, 8.5], "texture": "#0"}
			}
		},
		{
			"from": [5, 14.5, 6],
			"to": [6, 15, 7],
			"faces": {
				"north": {"uv": [8.25, 6.25, 8.5, 6.375], "texture": "#0"},
				"east": {"uv": [6.5, 8.25, 6.75, 8.375], "texture": "#0"},
				"south": {"uv": [8.25, 6.5, 8.5, 6.625], "texture": "#0"},
				"west": {"uv": [6.75, 8.25, 7, 8.375], "texture": "#0"},
				"up": {"uv": [5.5, 8.25, 5.25, 8], "texture": "#0"},
				"down": {"uv": [8.25, 5.25, 8, 5.5], "texture": "#0"}
			}
		},
		{
			"from": [5.5, 14, 6],
			"to": [6, 14.5, 7],
			"faces": {
				"north": {"uv": [8.75, 0.75, 8.875, 0.875], "texture": "#0"},
				"east": {"uv": [8.25, 6.75, 8.5, 6.875], "texture": "#0"},
				"south": {"uv": [1, 8.75, 1.125, 8.875], "texture": "#0"},
				"west": {"uv": [7, 8.25, 7.25, 8.375], "texture": "#0"},
				"up": {"uv": [8.375, 7.25, 8.25, 7], "texture": "#0"},
				"down": {"uv": [7.375, 8.25, 7.25, 8.5], "texture": "#0"}
			}
		},
		{
			"from": [9, 14, 4.5],
			"to": [10, 14.5, 5],
			"faces": {
				"north": {"uv": [8.25, 7.25, 8.5, 7.375], "texture": "#0"},
				"east": {"uv": [8.75, 1, 8.875, 1.125], "texture": "#0"},
				"south": {"uv": [7.5, 8.25, 7.75, 8.375], "texture": "#0"},
				"west": {"uv": [1.25, 8.75, 1.375, 8.875], "texture": "#0"},
				"up": {"uv": [8.5, 7.625, 8.25, 7.5], "texture": "#0"},
				"down": {"uv": [8, 8.25, 7.75, 8.375], "texture": "#0"}
			}
		},
		{
			"from": [9, 14.5, 4],
			"to": [10, 15, 5],
			"faces": {
				"north": {"uv": [8.25, 7.75, 8.5, 7.875], "texture": "#0"},
				"east": {"uv": [8, 8.25, 8.25, 8.375], "texture": "#0"},
				"south": {"uv": [8.25, 8, 8.5, 8.125], "texture": "#0"},
				"west": {"uv": [8.25, 8.25, 8.5, 8.375], "texture": "#0"},
				"up": {"uv": [5.75, 8.25, 5.5, 8], "texture": "#0"},
				"down": {"uv": [8.25, 5.5, 8, 5.75], "texture": "#0"}
			}
		},
		{
			"from": [9, 14.5, 10],
			"to": [10, 15, 11],
			"faces": {
				"north": {"uv": [0, 8.5, 0.25, 8.625], "texture": "#0"},
				"east": {"uv": [8.5, 0, 8.75, 0.125], "texture": "#0"},
				"south": {"uv": [0.25, 8.5, 0.5, 8.625], "texture": "#0"},
				"west": {"uv": [8.5, 0.25, 8.75, 0.375], "texture": "#0"},
				"up": {"uv": [6, 8.25, 5.75, 8], "texture": "#0"},
				"down": {"uv": [8.25, 5.75, 8, 6], "texture": "#0"}
			}
		},
		{
			"from": [9, 14, 10],
			"to": [10, 14.5, 10.5],
			"faces": {
				"north": {"uv": [0.5, 8.5, 0.75, 8.625], "texture": "#0"},
				"east": {"uv": [8.75, 1.25, 8.875, 1.375], "texture": "#0"},
				"south": {"uv": [8.5, 0.5, 8.75, 0.625], "texture": "#0"},
				"west": {"uv": [1.5, 8.75, 1.625, 8.875], "texture": "#0"},
				"up": {"uv": [1, 8.625, 0.75, 8.5], "texture": "#0"},
				"down": {"uv": [8.75, 0.75, 8.5, 0.875], "texture": "#0"}
			}
		},
		{
			"from": [7, 14, 4.5],
			"to": [8, 14.5, 5],
			"faces": {
				"north": {"uv": [1, 8.5, 1.25, 8.625], "texture": "#0"},
				"east": {"uv": [8.75, 1.5, 8.875, 1.625], "texture": "#0"},
				"south": {"uv": [8.5, 1, 8.75, 1.125], "texture": "#0"},
				"west": {"uv": [1.75, 8.75, 1.875, 8.875], "texture": "#0"},
				"up": {"uv": [1.5, 8.625, 1.25, 8.5], "texture": "#0"},
				"down": {"uv": [8.75, 1.25, 8.5, 1.375], "texture": "#0"}
			}
		},
		{
			"from": [7, 14.5, 4],
			"to": [8, 15, 5],
			"faces": {
				"north": {"uv": [1.5, 8.5, 1.75, 8.625], "texture": "#0"},
				"east": {"uv": [8.5, 1.5, 8.75, 1.625], "texture": "#0"},
				"south": {"uv": [1.75, 8.5, 2, 8.625], "texture": "#0"},
				"west": {"uv": [8.5, 1.75, 8.75, 1.875], "texture": "#0"},
				"up": {"uv": [6.25, 8.25, 6, 8], "texture": "#0"},
				"down": {"uv": [8.25, 6, 8, 6.25], "texture": "#0"}
			}
		},
		{
			"from": [11, 14.5, 8],
			"to": [12, 15, 9],
			"faces": {
				"north": {"uv": [2, 8.5, 2.25, 8.625], "texture": "#0"},
				"east": {"uv": [8.5, 2, 8.75, 2.125], "texture": "#0"},
				"south": {"uv": [2.25, 8.5, 2.5, 8.625], "texture": "#0"},
				"west": {"uv": [8.5, 2.25, 8.75, 2.375], "texture": "#0"},
				"up": {"uv": [6.5, 8.25, 6.25, 8], "texture": "#0"},
				"down": {"uv": [8.25, 6.25, 8, 6.5], "texture": "#0"}
			}
		},
		{
			"from": [11, 14, 8],
			"to": [11.5, 14.5, 9],
			"faces": {
				"north": {"uv": [8.75, 1.75, 8.875, 1.875], "texture": "#0"},
				"east": {"uv": [2.5, 8.5, 2.75, 8.625], "texture": "#0"},
				"south": {"uv": [2, 8.75, 2.125, 8.875], "texture": "#0"},
				"west": {"uv": [8.5, 2.5, 8.75, 2.625], "texture": "#0"},
				"up": {"uv": [2.875, 8.75, 2.75, 8.5], "texture": "#0"},
				"down": {"uv": [8.625, 2.75, 8.5, 3], "texture": "#0"}
			}
		},
		{
			"from": [5, 14.5, 8],
			"to": [6, 15, 9],
			"faces": {
				"north": {"uv": [3, 8.5, 3.25, 8.625], "texture": "#0"},
				"east": {"uv": [8.5, 3, 8.75, 3.125], "texture": "#0"},
				"south": {"uv": [3.25, 8.5, 3.5, 8.625], "texture": "#0"},
				"west": {"uv": [8.5, 3.25, 8.75, 3.375], "texture": "#0"},
				"up": {"uv": [6.75, 8.25, 6.5, 8], "texture": "#0"},
				"down": {"uv": [8.25, 6.5, 8, 6.75], "texture": "#0"}
			}
		},
		{
			"from": [5.5, 14, 8],
			"to": [6, 14.5, 9],
			"faces": {
				"north": {"uv": [8.75, 2, 8.875, 2.125], "texture": "#0"},
				"east": {"uv": [3.5, 8.5, 3.75, 8.625], "texture": "#0"},
				"south": {"uv": [2.25, 8.75, 2.375, 8.875], "texture": "#0"},
				"west": {"uv": [8.5, 3.5, 8.75, 3.625], "texture": "#0"},
				"up": {"uv": [3.875, 8.75, 3.75, 8.5], "texture": "#0"},
				"down": {"uv": [8.625, 3.75, 8.5, 4], "texture": "#0"}
			}
		},
		{
			"from": [7, 14, 10],
			"to": [8, 14.5, 10.5],
			"faces": {
				"north": {"uv": [4, 8.5, 4.25, 8.625], "texture": "#0"},
				"east": {"uv": [8.75, 2.25, 8.875, 2.375], "texture": "#0"},
				"south": {"uv": [8.5, 4, 8.75, 4.125], "texture": "#0"},
				"west": {"uv": [2.5, 8.75, 2.625, 8.875], "texture": "#0"},
				"up": {"uv": [4.5, 8.625, 4.25, 8.5], "texture": "#0"},
				"down": {"uv": [8.75, 4.25, 8.5, 4.375], "texture": "#0"}
			}
		},
		{
			"from": [7, 14.5, 10],
			"to": [8, 15, 11],
			"faces": {
				"north": {"uv": [4.5, 8.5, 4.75, 8.625], "texture": "#0"},
				"east": {"uv": [8.5, 4.5, 8.75, 4.625], "texture": "#0"},
				"south": {"uv": [4.75, 8.5, 5, 8.625], "texture": "#0"},
				"west": {"uv": [8.5, 4.75, 8.75, 4.875], "texture": "#0"},
				"up": {"uv": [7, 8.25, 6.75, 8], "texture": "#0"},
				"down": {"uv": [8.25, 6.75, 8, 7], "texture": "#0"}
			}
		},
		{
			"from": [11, 15, 6],
			"to": [12, 16, 7],
			"faces": {
				"north": {"uv": [7, 8, 7.25, 8.25], "texture": "#0"},
				"east": {"uv": [8, 7, 8.25, 7.25], "texture": "#0"},
				"south": {"uv": [7.25, 8, 7.5, 8.25], "texture": "#0"},
				"west": {"uv": [8, 7.25, 8.25, 7.5], "texture": "#0"},
				"up": {"uv": [7.75, 8.25, 7.5, 8], "texture": "#0"},
				"down": {"uv": [8.25, 7.5, 8, 7.75], "texture": "#0"}
			}
		},
		{
			"from": [9, 15, 10],
			"to": [10, 16, 11],
			"faces": {
				"north": {"uv": [7.75, 8, 8, 8.25], "texture": "#0"},
				"east": {"uv": [8, 7.75, 8.25, 8], "texture": "#0"},
				"south": {"uv": [8, 8, 8.25, 8.25], "texture": "#0"},
				"west": {"uv": [0, 8.25, 0.25, 8.5], "texture": "#0"},
				"up": {"uv": [8.5, 0.25, 8.25, 0], "texture": "#0"},
				"down": {"uv": [0.5, 8.25, 0.25, 8.5], "texture": "#0"}
			}
		},
		{
			"from": [11, 15, 8],
			"to": [12, 16, 9],
			"faces": {
				"north": {"uv": [8.25, 0.25, 8.5, 0.5], "texture": "#0"},
				"east": {"uv": [0.5, 8.25, 0.75, 8.5], "texture": "#0"},
				"south": {"uv": [8.25, 0.5, 8.5, 0.75], "texture": "#0"},
				"west": {"uv": [0.75, 8.25, 1, 8.5], "texture": "#0"},
				"up": {"uv": [8.5, 1, 8.25, 0.75], "texture": "#0"},
				"down": {"uv": [1.25, 8.25, 1, 8.5], "texture": "#0"}
			}
		},
		{
			"from": [7, 15, 10],
			"to": [8, 16, 11],
			"faces": {
				"north": {"uv": [8.25, 1, 8.5, 1.25], "texture": "#0"},
				"east": {"uv": [1.25, 8.25, 1.5, 8.5], "texture": "#0"},
				"south": {"uv": [8.25, 1.25, 8.5, 1.5], "texture": "#0"},
				"west": {"uv": [1.5, 8.25, 1.75, 8.5], "texture": "#0"},
				"up": {"uv": [8.5, 1.75, 8.25, 1.5], "texture": "#0"},
				"down": {"uv": [2, 8.25, 1.75, 8.5], "texture": "#0"}
			}
		},
		{
			"from": [5, 15, 6],
			"to": [6, 16, 7],
			"faces": {
				"north": {"uv": [8.25, 1.75, 8.5, 2], "texture": "#0"},
				"east": {"uv": [2, 8.25, 2.25, 8.5], "texture": "#0"},
				"south": {"uv": [8.25, 2, 8.5, 2.25], "texture": "#0"},
				"west": {"uv": [2.25, 8.25, 2.5, 8.5], "texture": "#0"},
				"up": {"uv": [8.5, 2.5, 8.25, 2.25], "texture": "#0"},
				"down": {"uv": [2.75, 8.25, 2.5, 8.5], "texture": "#0"}
			}
		},
		{
			"from": [5, 15, 8],
			"to": [6, 16, 9],
			"faces": {
				"north": {"uv": [8.25, 2.5, 8.5, 2.75], "texture": "#0"},
				"east": {"uv": [2.75, 8.25, 3, 8.5], "texture": "#0"},
				"south": {"uv": [8.25, 2.75, 8.5, 3], "texture": "#0"},
				"west": {"uv": [3, 8.25, 3.25, 8.5], "texture": "#0"},
				"up": {"uv": [8.5, 3.25, 8.25, 3], "texture": "#0"},
				"down": {"uv": [3.5, 8.25, 3.25, 8.5], "texture": "#0"}
			}
		},
		{
			"from": [13, 9.5, 7],
			"to": [14, 10, 8],
			"faces": {
				"north": {"uv": [5, 8.5, 5.25, 8.625], "texture": "#0"},
				"east": {"uv": [8.5, 5, 8.75, 5.125], "texture": "#0"},
				"south": {"uv": [5.25, 8.5, 5.5, 8.625], "texture": "#0"},
				"west": {"uv": [8.5, 5.25, 8.75, 5.375], "texture": "#0"},
				"up": {"uv": [8.5, 3.5, 8.25, 3.25], "texture": "#0"},
				"down": {"uv": [3.75, 8.25, 3.5, 8.5], "texture": "#0"}
			}
		},
		{
			"from": [13, 9, 7],
			"to": [13.5, 9.5, 8],
			"faces": {
				"north": {"uv": [8.75, 2.5, 8.875, 2.625], "texture": "#0"},
				"east": {"uv": [5.5, 8.5, 5.75, 8.625], "texture": "#0"},
				"south": {"uv": [2.75, 8.75, 2.875, 8.875], "texture": "#0"},
				"west": {"uv": [8.5, 5.5, 8.75, 5.625], "texture": "#0"},
				"up": {"uv": [5.875, 8.75, 5.75, 8.5], "texture": "#0"},
				"down": {"uv": [8.625, 5.75, 8.5, 6], "texture": "#0"}
			}
		},
		{
			"from": [11, 9.5, 7],
			"to": [12, 10, 8],
			"faces": {
				"north": {"uv": [6, 8.5, 6.25, 8.625], "texture": "#0"},
				"east": {"uv": [8.5, 6, 8.75, 6.125], "texture": "#0"},
				"south": {"uv": [6.25, 8.5, 6.5, 8.625], "texture": "#0"},
				"west": {"uv": [8.5, 6.25, 8.75, 6.375], "texture": "#0"},
				"up": {"uv": [8.5, 3.75, 8.25, 3.5], "texture": "#0"},
				"down": {"uv": [4, 8.25, 3.75, 8.5], "texture": "#0"}
			}
		},
		{
			"from": [11.5, 9, 7],
			"to": [12, 9.5, 8],
			"faces": {
				"north": {"uv": [8.75, 2.75, 8.875, 2.875], "texture": "#0"},
				"east": {"uv": [6.5, 8.5, 6.75, 8.625], "texture": "#0"},
				"south": {"uv": [3, 8.75, 3.125, 8.875], "texture": "#0"},
				"west": {"uv": [8.5, 6.5, 8.75, 6.625], "texture": "#0"},
				"up": {"uv": [6.875, 8.75, 6.75, 8.5], "texture": "#0"},
				"down": {"uv": [8.625, 6.75, 8.5, 7], "texture": "#0"}
			}
		},
		{
			"from": [12, 9.5, 6],
			"to": [13, 10, 7],
			"faces": {
				"north": {"uv": [7, 8.5, 7.25, 8.625], "texture": "#0"},
				"east": {"uv": [8.5, 7, 8.75, 7.125], "texture": "#0"},
				"south": {"uv": [7.25, 8.5, 7.5, 8.625], "texture": "#0"},
				"west": {"uv": [8.5, 7.25, 8.75, 7.375], "texture": "#0"},
				"up": {"uv": [8.5, 4, 8.25, 3.75], "texture": "#0"},
				"down": {"uv": [4.25, 8.25, 4, 8.5], "texture": "#0"}
			}
		},
		{
			"from": [12, 9.5, 8],
			"to": [13, 10, 9],
			"faces": {
				"north": {"uv": [7.5, 8.5, 7.75, 8.625], "texture": "#0"},
				"east": {"uv": [8.5, 7.5, 8.75, 7.625], "texture": "#0"},
				"south": {"uv": [7.75, 8.5, 8, 8.625], "texture": "#0"},
				"west": {"uv": [8.5, 7.75, 8.75, 7.875], "texture": "#0"},
				"up": {"uv": [8.5, 4.25, 8.25, 4], "texture": "#0"},
				"down": {"uv": [4.5, 8.25, 4.25, 8.5], "texture": "#0"}
			}
		},
		{
			"from": [12, 9, 6.5],
			"to": [13, 9.5, 7],
			"faces": {
				"north": {"uv": [8, 8.5, 8.25, 8.625], "texture": "#0"},
				"east": {"uv": [8.75, 3, 8.875, 3.125], "texture": "#0"},
				"south": {"uv": [8.5, 8, 8.75, 8.125], "texture": "#0"},
				"west": {"uv": [3.25, 8.75, 3.375, 8.875], "texture": "#0"},
				"up": {"uv": [8.5, 8.625, 8.25, 8.5], "texture": "#0"},
				"down": {"uv": [8.75, 8.25, 8.5, 8.375], "texture": "#0"}
			}
		},
		{
			"from": [12, 9, 8],
			"to": [13, 9.5, 8.5],
			"faces": {
				"north": {"uv": [8.5, 8.5, 8.75, 8.625], "texture": "#0"},
				"east": {"uv": [8.75, 3.25, 8.875, 3.375], "texture": "#0"},
				"south": {"uv": [0, 8.75, 0.25, 8.875], "texture": "#0"},
				"west": {"uv": [3.5, 8.75, 3.625, 8.875], "texture": "#0"},
				"up": {"uv": [9, 0.125, 8.75, 0], "texture": "#0"},
				"down": {"uv": [0.5, 8.75, 0.25, 8.875], "texture": "#0"}
			}
		}
	],
	"display": {
		"thirdperson_righthand": {
			"translation": [0, -0.25, 0],
			"scale": [0.5, 0.5, 0.5]
		},
		"thirdperson_lefthand": {
			"scale": [0.5, 0.5, 0.5]
		},
		"firstperson_righthand": {
			"rotation": [0, 149, 0],
			"translation": [1, 4.75, -4.25]
		},
		"firstperson_lefthand": {
			"rotation": [0, 131, 0],
			"translation": [0.75, 5.25, -5]
		},
		"ground": {
			"translation": [0, 1.25, 0],
			"scale": [0.5, 0.5, 0.5]
		},
		"gui": {
			"rotation": [20, 154, 0]
		},
		"fixed": {
			"rotation": [-90, 0, 0],
			"translation": [0, 0, -14],
			"scale": [2, 2, 2]
		}
	},
	"groups": [
		{
			"name": "orel",
			"origin": [0, 0, 0],
			"color": 0,
			"children": [0, 1, 2, 3, 4, 5, 6, 7]
		},
		{
			"name": "statue",
			"origin": [8, 8, 8],
			"color": 0,
			"children": [
				{
					"name": "platie",
					"origin": [8, 8, 8],
					"color": 0,
					"children": [8, 9, 10, 11, 12, 13, 14, 15, 16, 17, 18, 19]
				},
				{
					"name": "ryki",
					"origin": [8, 8, 8],
					"color": 0,
					"children": [
						{
							"name": "kropotkin",
							"origin": [0, 0, 0],
							"color": 0,
							"children": [20]
						},
						{
							"name": "left",
							"origin": [8, 8, 8],
							"color": 0,
							"children": [21, 22, 23]
						},
						{
							"name": "right",
							"origin": [8, 8, 8],
							"color": 0,
							"children": [24, 25, 26, 27, 28, 29, 30, 31]
						}
					]
				},
				{
					"name": "face",
					"origin": [8, 8, 8],
					"color": 0,
					"children": [
						32,
						33,
						34,
						{
							"name": "stupenki",
							"origin": [8, 8, 8],
							"color": 0,
							"children": [35, 36, 37, 38, 39, 40, 41, 42, 43, 44, 45, 46, 47, 48, 49, 50]
						},
						51,
						52,
						53,
						54,
						55,
						56
					]
				}
			]
		},
		{
			"name": "stupenki",
			"origin": [8, 8, 8],
			"color": 0,
			"children": [57, 58, 59, 60, 61, 62, 63, 64]
		}
	]
}