{
	"credit": "Made with Blockbench",
	"texture_size": [8, 8],
	"textures": {
		"0": "texture",
		"particle": "texture"
	},
	"elements": [
		{
			"from": [8, 0, 2],
			"to": [9, 1, 8],
			"faces": {
				"north": {"uv": [4, 4, 6, 6], "texture": "#0"},
				"east": {"uv": [0, 0, 12, 2], "texture": "#0"},
				"south": {"uv": [4, 6, 6, 8], "texture": "#0"},
				"west": {"uv": [0, 2, 12, 4], "texture": "#0"},
				"up": {"uv": [2, 16, 0, 4], "texture": "#0"},
				"down": {"uv": [4, 4, 2, 16], "texture": "#0"}
			}
		}
	],
	"display": {
		"thirdperson_righthand": {
			"rotation": [0, 180, 0],
			"translation": [0.5, 5.25, -5.75]
		},
		"thirdperson_lefthand": {
			"rotation": [0, 180, 0],
			"translation": [-0.25, 5.5, -5.75]
		},
		"firstperson_righthand": {
			"translation": [1.5, 10.25, 2]
		},
		"firstperson_lefthand": {
			"translation": [-1.25, 9.5, 3.5]
		},
		"gui": {
			"rotation": [0, 36, 6],
			"translation": [0, 27.25, -1.5],
			"scale": [4, 3.81, 2.23]
		},
		"head": {
			"rotation": [0, 180, 0],
			"translation": [1.25, 3.25, -12.5]
		},
		"fixed": {
			"rotation": [0, 180, 0],
			"translation": [0, 8, -4.75]
		}
	}
}