{
	"credit": "Made with Blockbench",
	"parent": "barricade",
	"texture_size": [64, 64],
	"textures": {
		"0": "./barricade",
		"particle": "./barricade"
	},
	"elements": [
		{
			"name": "bb_main",
			"from": [13, 0, -1],
			"to": [15, 22, 1],
			"faces": {
				"north": {"uv": [2.5, 3.25, 3, 8.75], "texture": "#0"},
				"east": {"uv": [2, 3.25, 2.5, 8.75], "texture": "#0"},
				"south": {"uv": [3.5, 3.25, 4, 8.75], "texture": "#0"},
				"west": {"uv": [3, 3.25, 3.5, 8.75], "texture": "#0"},
				"up": {"uv": [3, 3.25, 2.5, 2.75], "texture": "#0"},
				"down": {"uv": [3.5, 2.75, 3, 3.25], "texture": "#0"}
			}
		},
		{
			"name": "bb_main",
			"from": [-16, 0, -1],
			"to": [-14, 22, 1],
			"faces": {
				"north": {"uv": [0.5, 3.25, 1, 8.75], "texture": "#0"},
				"east": {"uv": [0, 3.25, 0.5, 8.75], "texture": "#0"},
				"south": {"uv": [1.5, 3.25, 2, 8.75], "texture": "#0"},
				"west": {"uv": [1, 3.25, 1.5, 8.75], "texture": "#0"},
				"up": {"uv": [1, 3.25, 0.5, 2.75], "texture": "#0"},
				"down": {"uv": [1.5, 2.75, 1, 3.25], "texture": "#0"}
			}
		},
		{
			"name": "bb_main",
			"from": [-14, 8, 0],
			"to": [13, 19, 0],
			"faces": {
				"north": {"uv": [0, 0, 6.75, 2.75], "texture": "#0"},
				"east": {"uv": [0, 0, 0, 2.75], "texture": "#0"},
				"south": {"uv": [6.75, 0, 13.5, 2.75], "texture": "#0"},
				"west": {"uv": [6.75, 0, 6.75, 2.75], "texture": "#0"},
				"up": {"uv": [6.75, 0, 0, 0], "texture": "#0"},
				"down": {"uv": [13.5, 0, 6.75, 0], "texture": "#0"}
			}
		}
	],
	"display": {
		"thirdperson_righthand": {
			"rotation": [86, 0, 0],
			"translation": [5.25, -3.5, -2.25],
			"scale": [0.5, 0.5, 0.5]
		},
		"thirdperson_lefthand": {
			"rotation": [86, 0, 0],
			"translation": [-4.5, -3, -1],
			"scale": [0.5, 0.5, 0.5]
		},
		"firstperson_righthand": {
			"rotation": [0, 180, 0],
			"translation": [-6.5, 1.25, -4.75],
			"scale": [0.5, 0.5, 0.5]
		},
		"firstperson_lefthand": {
			"rotation": [0, 180, 0],
			"translation": [2, 0.75, -3.75],
			"scale": [0.5, 0.5, 0.5]
		},
		"ground": {
			"translation": [4, 0, 3.75],
			"scale": [0.5, 0.5, 0.5]
		},
		"gui": {
			"rotation": [0, 180, 0],
			"translation": [-4.25, -2, 0],
			"scale": [0.5, 0.5, 0.5]
		},
		"fixed": {
			"rotation": [-90, 0, 0],
			"translation": [17, 18.25, -14.5],
			"scale": [2, 2, 2]
		}
	},
	"groups": [
		{
			"name": "bb_main",
			"origin": [0, 0, 0],
			"color": 0,
			"children": [0, 1, 2]
		}
	]
}