{
	"credit": "Made with Blockbench",
	"parent": "jefferson_anor_statue",
	"texture_size": [128, 128],
	"textures": {
		"0": "./anorsusu_statue",
		"particle": "./anorsusu_statue"
	},
	"elements": [
		{
			"name": "bb_main",
			"from": [-8, -9, -8],
			"to": [8, -2, 8],
			"faces": {
				"north": {"uv": [2, 9.75, 4, 10.625], "texture": "#0"},
				"east": {"uv": [0, 9.75, 2, 10.625], "texture": "#0"},
				"south": {"uv": [6, 9.75, 8, 10.625], "texture": "#0"},
				"west": {"uv": [4, 9.75, 6, 10.625], "texture": "#0"},
				"up": {"uv": [4, 9.75, 2, 7.75], "texture": "#0"},
				"down": {"uv": [6, 7.75, 4, 9.75], "texture": "#0"}
			}
		},
		{
			"name": "statue",
			"from": [3, -2, -2],
			"to": [7, 10, 2],
			"rotation": {"angle": 22.5, "axis": "y", "origin": [3, 0, 0]},
			"faces": {
				"north": {"uv": [7.25, 0.5, 7.75, 2], "texture": "#0"},
				"east": {"uv": [6.75, 0.5, 7.25, 2], "texture": "#0"},
				"south": {"uv": [8.25, 0.5, 8.75, 2], "texture": "#0"},
				"west": {"uv": [7.75, 0.5, 8.25, 2], "texture": "#0"},
				"up": {"uv": [7.75, 0.5, 7.25, 0], "texture": "#0"},
				"down": {"uv": [8.25, 0, 7.75, 0.5], "texture": "#0"}
			}
		},
		{
			"name": "statue",
			"from": [-1, -2, -2],
			"to": [3, 10, 2],
			"rotation": {"angle": 22.5, "axis": "y", "origin": [3, 0, 0]},
			"faces": {
				"north": {"uv": [5.5, 6.25, 6, 7.75], "texture": "#0"},
				"east": {"uv": [5, 6.25, 5.5, 7.75], "texture": "#0"},
				"south": {"uv": [6.5, 6.25, 7, 7.75], "texture": "#0"},
				"west": {"uv": [6, 6.25, 6.5, 7.75], "texture": "#0"},
				"up": {"uv": [6, 6.25, 5.5, 5.75], "texture": "#0"},
				"down": {"uv": [6.5, 5.75, 6, 6.25], "texture": "#0"}
			}
		},
		{
			"name": "statue",
			"from": [-1, 10, -2],
			"to": [7, 22, 2],
			"rotation": {"angle": 22.5, "axis": "y", "origin": [3, 0, 0]},
			"faces": {
				"north": {"uv": [0.5, 5.875, 1.5, 7.375], "texture": "#0"},
				"east": {"uv": [0, 5.875, 0.5, 7.375], "texture": "#0"},
				"south": {"uv": [2, 5.875, 3, 7.375], "texture": "#0"},
				"west": {"uv": [1.5, 5.875, 2, 7.375], "texture": "#0"},
				"up": {"uv": [1.5, 5.875, 0.5, 5.375], "texture": "#0"},
				"down": {"uv": [2.5, 5.375, 1.5, 5.875], "texture": "#0"}
			}
		},
		{
			"name": "statue",
			"from": [-7, 8.5, -1.25],
			"to": [-4, 20.5, 2.75],
			"rotation": {"angle": 45, "axis": "y", "origin": [-1, 28.5, -2.25]},
			"faces": {
				"north": {"uv": [3.5, 6.25, 4, 7.75], "texture": "#0"},
				"east": {"uv": [3, 6.25, 3.5, 7.75], "texture": "#0"},
				"south": {"uv": [4.5, 6.25, 5, 7.75], "texture": "#0"},
				"west": {"uv": [4, 6.25, 4.5, 7.75], "texture": "#0"},
				"up": {"uv": [4, 6.25, 3.5, 5.75], "texture": "#0"},
				"down": {"uv": [4.5, 5.75, 4, 6.25], "texture": "#0"}
			}
		},
		{
			"name": "statue",
			"from": [5.75, 9, -2.24118],
			"to": [8.75, 21, 1.75882],
			"rotation": {"angle": 22.5, "axis": "y", "origin": [3, 29, -3]},
			"faces": {
				"north": {"uv": [0.5, 0.5, 1, 2], "texture": "#0"},
				"east": {"uv": [0, 0.5, 0.5, 2], "texture": "#0"},
				"south": {"uv": [1.5, 0.5, 2, 2], "texture": "#0"},
				"west": {"uv": [1, 0.5, 1.5, 2], "texture": "#0"},
				"up": {"uv": [1, 0.5, 0.5, 0], "texture": "#0"},
				"down": {"uv": [1.5, 0, 1, 0.5], "texture": "#0"}
			}
		},
		{
			"name": "head",
			"from": [0.5, 24.5, -12],
			"to": [2.5, 24.5, -7],
			"rotation": {"angle": -22.5, "axis": "x", "origin": [3, 33, -4]},
			"faces": {
				"north": {"uv": [3, 4, 3.25, 4], "texture": "#0"},
				"east": {"uv": [2.375, 4, 3, 4], "texture": "#0"},
				"south": {"uv": [3.875, 4, 4.125, 4], "texture": "#0"},
				"west": {"uv": [3.25, 4, 3.875, 4], "texture": "#0"},
				"up": {"uv": [3.25, 4, 3, 3.375], "texture": "#0"},
				"down": {"uv": [3.5, 3.375, 3.25, 4], "texture": "#0"}
			}
		},
		{
			"name": "head",
			"from": [-1, 22, -4],
			"to": [7, 30, 4],
			"rotation": {"angle": 45, "axis": "y", "origin": [3, 0, 0]},
			"faces": {
				"north": {"uv": [1, 4.375, 2, 5.375], "texture": "#0"},
				"east": {"uv": [0, 4.375, 1, 5.375], "texture": "#0"},
				"south": {"uv": [3, 4.375, 4, 5.375], "texture": "#0"},
				"west": {"uv": [2, 4.375, 3, 5.375], "texture": "#0"},
				"up": {"uv": [2, 4.375, 1, 3.375], "texture": "#0"},
				"down": {"uv": [3, 3.375, 2, 4.375], "texture": "#0"}
			}
		},
		{
			"from": [-4.75, -2, -2],
			"to": [3.25, 6, 6],
			"rotation": {"angle": -45, "axis": "y", "origin": [-4.75, -2, -2]},
			"faces": {
				"north": {"uv": [13, 0, 14.625, 1.625], "texture": "#0"},
				"east": {"uv": [13, 0, 14.625, 1.625], "texture": "#0"},
				"south": {"uv": [13, 0, 14.625, 1.625], "texture": "#0"},
				"west": {"uv": [13, 0, 14.625, 1.625], "texture": "#0"},
				"up": {"uv": [11.375, 0, 13, 1.625], "texture": "#0"},
				"down": {"uv": [11.375, 0, 13, 1.625], "texture": "#0"}
			}
		},
		{
			"name": "stranic",
			"from": [-11, 7.5, -2.25],
			"to": [-2.75, 8.5, 3.25],
			"rotation": {"angle": -22.5, "axis": "y", "origin": [-14, 12.5, 7.75]},
			"faces": {
				"north": {"uv": [0.75, 4.5, 1, 6.75], "rotation": 270, "texture": "#0"},
				"east": {"uv": [13.25, 14.25, 11.875, 14], "texture": "#0"},
				"south": {"uv": [11.125, 13.625, 11.375, 15.875], "rotation": 90, "texture": "#0"},
				"west": {"uv": [14.625, 14, 13.25, 14.25], "rotation": 180, "texture": "#0"},
				"up": {"uv": [9.625, 11.375, 11.125, 13.59375], "rotation": 90, "texture": "#0"},
				"down": {"uv": [1.375, 2.25, 2.75, 4.5], "rotation": 90, "texture": "#0"}
			}
		},
		{
			"name": "stranic",
			"from": [-10.5, 7, -2.25],
			"to": [-3.25, 7.5, 3],
			"rotation": {"angle": -22.5, "axis": "y", "origin": [-14, 11.75, 7.75]},
			"faces": {
				"north": {"uv": [0.75, 4.5, 1, 6.75], "rotation": 270, "texture": "#0"},
				"east": {"uv": [13.25, 14.25, 11.875, 14], "texture": "#0"},
				"south": {"uv": [11.125, 13.625, 11.375, 15.875], "rotation": 90, "texture": "#0"},
				"west": {"uv": [14.625, 14, 13.25, 14.25], "rotation": 180, "texture": "#0"},
				"up": {"uv": [9.625, 11.375, 11.125, 13.59375], "rotation": 90, "texture": "#0"},
				"down": {"uv": [1.375, 2.25, 2.75, 4.5], "rotation": 90, "texture": "#missing"}
			}
		},
		{
			"name": "stranic",
			"from": [-11, 6, -2.25],
			"to": [-2.75, 7, 3.25],
			"rotation": {"angle": -22.5, "axis": "y", "origin": [-14, 16, 7.75]},
			"faces": {
				"north": {"uv": [1.25, 4.5, 1.5, 6.75], "rotation": 270, "texture": "#0"},
				"east": {"uv": [16, 9.375, 14.625, 9.125], "texture": "#0"},
				"south": {"uv": [10.625, 13.625, 10.875, 15.875], "rotation": 90, "texture": "#0"},
				"west": {"uv": [14.625, 14, 13.25, 14.25], "rotation": 180, "texture": "#0"},
				"up": {"uv": [13.625, 9, 15, 11.25], "rotation": 90, "texture": "#0"},
				"down": {"uv": [12.375, 11.375, 13.78125, 13.59375], "rotation": 90, "texture": "#0"}
			}
		},
		{
			"name": "stranic",
			"from": [-12.5, 6, -2.55],
			"to": [-4.25, 8.5, -2.55],
			"rotation": {"angle": -22.5, "axis": "y", "origin": [-15.5, 13.75, 11.45]},
			"faces": {
				"north": {"uv": [13.625, 9.125, 14.625, 11.375], "rotation": 270, "texture": "#0"},
				"east": {"uv": [5.25, 1.375, 5, 0.5], "texture": "#0"},
				"south": {"uv": [4.125, 2.25, 5, 4.5], "rotation": 90, "texture": "#0"},
				"west": {"uv": [5.25, 1.375, 5, 2.25], "rotation": 180, "texture": "#0"},
				"up": {"uv": [1.75, 4.5, 2, 6.75], "rotation": 90, "texture": "#0"},
				"down": {"uv": [2, 4.5, 2.25, 6.75], "rotation": 90, "texture": "#missing"}
			}
		}
	],
	"display": {
		"thirdperson_righthand": {
			"translation": [9, 4.5, 7]
		},
		"thirdperson_lefthand": {
			"translation": [-5.75, 0.5, 7.25]
		},
		"firstperson_righthand": {
			"rotation": [0, 180, 0],
			"translation": [-6.25, -5.75, -14]
		},
		"firstperson_lefthand": {
			"rotation": [0, 180, 0],
			"translation": [12, -4.75, -16]
		},
		"ground": {
			"translation": [9, 10.5, 7.75]
		},
		"gui": {
			"rotation": [0, 180, 0],
			"translation": [-7.75, 0, 0]
		},
		"fixed": {
			"rotation": [-90, 0, 0],
			"translation": [16, 16, -31.75],
			"scale": [2, 2, 2]
		}
	},
	"groups": [
		{
			"name": "bb_main",
			"origin": [0, 0, 0],
			"color": 0,
			"children": [0]
		},
		{
			"name": "statue",
			"origin": [0, 7, 0],
			"color": 1,
			"children": [
				1,
				2,
				3,
				4,
				5,
				{
					"name": "head",
					"origin": [0, 31, 0],
					"color": 2,
					"children": [6, 7]
				}
			]
		},
		8,
		{
			"name": "Book",
			"origin": [8, 8, 8],
			"color": 0,
			"children": [9, 10, 11, 12]
		}
	]
}