{
	"credit": "Made with Blockbench",
	"parent": "anor_statue",
	"texture_size": [128, 128],
	"textures": {
		"0": "./ogan_statue",
		"particle": "./ogan_statue"
	},
	"elements": [
		{
			"name": "bb_main",
			"from": [-8, -9, -8],
			"to": [8, -2, 8],
			"faces": {
				"north": {"uv": [0.25, 1.21875, 0.5, 1.32813], "texture": "#0"},
				"east": {"uv": [0, 1.21875, 0.25, 1.32813], "texture": "#0"},
				"south": {"uv": [0.75, 1.21875, 1, 1.32813], "texture": "#0"},
				"west": {"uv": [0.5, 1.21875, 0.75, 1.32813], "texture": "#0"},
				"up": {"uv": [0.5, 1.21875, 0.25, 0.96875], "texture": "#0"},
				"down": {"uv": [0.75, 0.96875, 0.5, 1.21875], "texture": "#0"}
			}
		},
		{
			"name": "statue",
			"from": [0, -2, -2],
			"to": [4, 10, 2],
			"rotation": {"angle": 0, "axis": "x", "origin": [0, 33, -4]},
			"faces": {
				"north": {"uv": [0.90625, 0.0625, 0.96875, 0.25], "texture": "#0"},
				"east": {"uv": [0.84375, 0.0625, 0.90625, 0.25], "texture": "#0"},
				"south": {"uv": [1.03125, 0.0625, 1.09375, 0.25], "texture": "#0"},
				"west": {"uv": [0.96875, 0.0625, 1.03125, 0.25], "texture": "#0"},
				"up": {"uv": [0.96875, 0.0625, 0.90625, 0], "texture": "#0"},
				"down": {"uv": [1.03125, 0, 0.96875, 0.0625], "texture": "#0"}
			}
		},
		{
			"name": "statue",
			"from": [-4, -2, -2],
			"to": [0, 10, 2],
			"rotation": {"angle": 0, "axis": "x", "origin": [0, 33, -4]},
			"faces": {
				"north": {"uv": [0.6875, 0.78125, 0.75, 0.96875], "texture": "#0"},
				"east": {"uv": [0.625, 0.78125, 0.6875, 0.96875], "texture": "#0"},
				"south": {"uv": [0.8125, 0.78125, 0.875, 0.96875], "texture": "#0"},
				"west": {"uv": [0.75, 0.78125, 0.8125, 0.96875], "texture": "#0"},
				"up": {"uv": [0.75, 0.78125, 0.6875, 0.71875], "texture": "#0"},
				"down": {"uv": [0.8125, 0.71875, 0.75, 0.78125], "texture": "#0"}
			}
		},
		{
			"name": "statue",
			"from": [-4, 10, -2],
			"to": [4, 22, 2],
			"rotation": {"angle": 0, "axis": "x", "origin": [0, 33, -4]},
			"faces": {
				"north": {"uv": [0.0625, 0.73438, 0.1875, 0.92188], "texture": "#0"},
				"east": {"uv": [0, 0.73438, 0.0625, 0.92188], "texture": "#0"},
				"south": {"uv": [0.25, 0.73438, 0.375, 0.92188], "texture": "#0"},
				"west": {"uv": [0.1875, 0.73438, 0.25, 0.92188], "texture": "#0"},
				"up": {"uv": [0.1875, 0.73438, 0.0625, 0.67188], "texture": "#0"},
				"down": {"uv": [0.3125, 0.67188, 0.1875, 0.73438], "texture": "#0"}
			}
		},
		{
			"name": "statue",
			"from": [-8, 10, -2],
			"to": [-4, 22, 2],
			"rotation": {"angle": 0, "axis": "x", "origin": [-1, 30, -3]},
			"faces": {
				"north": {"uv": [0.4375, 0.78125, 0.5, 0.96875], "texture": "#0"},
				"east": {"uv": [0.375, 0.78125, 0.4375, 0.96875], "texture": "#0"},
				"south": {"uv": [0.5625, 0.78125, 0.625, 0.96875], "texture": "#0"},
				"west": {"uv": [0.5, 0.78125, 0.5625, 0.96875], "texture": "#0"},
				"up": {"uv": [0.5, 0.78125, 0.4375, 0.71875], "texture": "#0"},
				"down": {"uv": [0.5625, 0.71875, 0.5, 0.78125], "texture": "#0"}
			}
		},
		{
			"name": "statue",
			"from": [3.75, 10, -1.99118],
			"to": [7.75, 22, 2.00882],
			"rotation": {"angle": 0, "axis": "x", "origin": [1, 30, -2.75]},
			"faces": {
				"north": {"uv": [0.0625, 0.0625, 0.125, 0.25], "texture": "#0"},
				"east": {"uv": [0, 0.0625, 0.0625, 0.25], "texture": "#0"},
				"south": {"uv": [0.1875, 0.0625, 0.25, 0.25], "texture": "#0"},
				"west": {"uv": [0.125, 0.0625, 0.1875, 0.25], "texture": "#0"},
				"up": {"uv": [0.125, 0.0625, 0.0625, 0], "texture": "#0"},
				"down": {"uv": [0.1875, 0, 0.125, 0.0625], "texture": "#0"}
			}
		},
		{
			"name": "head",
			"from": [-4, 22, -4],
			"to": [4, 30, 4],
			"rotation": {"angle": 0, "axis": "y", "origin": [0, 33, -4]},
			"faces": {
				"north": {"uv": [0.125, 0.54688, 0.25, 0.67188], "texture": "#0"},
				"east": {"uv": [0, 0.54688, 0.125, 0.67188], "texture": "#0"},
				"south": {"uv": [0.375, 0.54688, 0.5, 0.67188], "texture": "#0"},
				"west": {"uv": [0.25, 0.54688, 0.375, 0.67188], "texture": "#0"},
				"up": {"uv": [0.25, 0.54688, 0.125, 0.42188], "texture": "#0"},
				"down": {"uv": [0.375, 0.42188, 0.25, 0.54688], "texture": "#0"}
			}
		},
		{
			"from": [-7, -7, -8.25],
			"to": [7, -5, -7.25],
			"rotation": {"angle": 0, "axis": "y", "origin": [0, -6, -8.25]},
			"faces": {
				"north": {"uv": [0.3125, 3.34375, 16, 5.17188], "texture": "#0"},
				"east": {"uv": [0, 0, 0.125, 0.375], "texture": "#missing"},
				"south": {"uv": [0, 0, 1.75, 0.375], "texture": "#missing"},
				"west": {"uv": [0, 0, 0.125, 0.375], "texture": "#missing"},
				"up": {"uv": [0, 0, 1.75, 0.125], "texture": "#missing"},
				"down": {"uv": [0, 0, 1.75, 0.125], "texture": "#missing"}
			}
		}
	],
	"display": {
		"thirdperson_righthand": {
			"translation": [9, 4.5, 7]
		},
		"thirdperson_lefthand": {
			"translation": [-5.75, 0.5, 7.25]
		},
		"firstperson_righthand": {
			"rotation": [0, 180, 0],
			"translation": [-6.25, -5.75, -14]
		},
		"firstperson_lefthand": {
			"rotation": [0, 180, 0],
			"translation": [12, -4.75, -16]
		},
		"ground": {
			"translation": [9, 10.5, 7.75]
		},
		"gui": {
			"rotation": [0, 180, 0],
			"translation": [-7.75, 0, 0]
		},
		"fixed": {
			"rotation": [-90, 0, 0],
			"translation": [16, 16, -31.75],
			"scale": [2, 2, 2]
		}
	},
	"groups": [
		{
			"name": "bb_main",
			"origin": [0, 0, 0],
			"color": 0,
			"children": [0]
		},
		{
			"name": "statue",
			"origin": [0, 7, 0],
			"color": 1,
			"children": [
				1,
				2,
				3,
				4,
				5,
				{
					"name": "head",
					"origin": [0, 31, 0],
					"color": 2,
					"children": [6]
				}
			]
		},
		7
	]
}