{
	"credit": "Made with Blockbench",
	"parent": "present",
	"texture_size": [64, 64],
	"textures": {
		"0": "./present",
		"particle": "./present"
	},
	"elements": [
		{
			"name": "bb_main",
			"from": [-5, 0, -5],
			"to": [5, 6, 5],
			"faces": {
				"north": {"uv": [2.5, 2.5, 5, 4], "texture": "#0"},
				"east": {"uv": [0, 2.5, 2.5, 4], "texture": "#0"},
				"south": {"uv": [7.5, 2.5, 10, 4], "texture": "#0"},
				"west": {"uv": [5, 2.5, 7.5, 4], "texture": "#0"},
				"up": {"uv": [5, 2.5, 2.5, 0], "texture": "#0"},
				"down": {"uv": [7.5, 0, 5, 2.5], "texture": "#0"}
			}
		},
		{
			"name": "bb_main",
			"from": [-1, 0.1, -5.2],
			"to": [1, 6.3, 5.2],
			"faces": {
				"north": {"uv": [6, 8, 6.5, 9.5], "texture": "#0"},
				"east": {"uv": [3.5, 8, 6, 9.5], "texture": "#0"},
				"south": {"uv": [9, 8, 9.5, 9.5], "texture": "#0"},
				"west": {"uv": [6.5, 8, 9, 9.5], "texture": "#0"},
				"up": {"uv": [6.5, 8, 6, 5.5], "texture": "#0"},
				"down": {"uv": [7, 5.5, 6.5, 8], "texture": "#0"}
			}
		},
		{
			"name": "bb_main",
			"from": [-1, 0.1, -5.2],
			"to": [1, 6.3, 5.2],
			"rotation": {"angle": -45, "axis": "y", "origin": [0, 0, 0]},
			"faces": {
				"north": {"uv": [2.5, 6.5, 3, 8], "texture": "#0"},
				"east": {"uv": [0, 6.5, 2.5, 8], "texture": "#0"},
				"south": {"uv": [5.5, 6.5, 6, 8], "texture": "#0"},
				"west": {"uv": [3, 6.5, 5.5, 8], "texture": "#0"},
				"up": {"uv": [3, 6.5, 2.5, 4], "texture": "#0"},
				"down": {"uv": [3.5, 4, 3, 6.5], "texture": "#0"}
			}
		},
		{
			"name": "bb_main",
			"from": [-1, 6, -1],
			"to": [1, 9, 1],
			"rotation": {"angle": 45, "axis": "z", "origin": [0, 6, 0]},
			"faces": {
				"north": {"uv": [0.5, 1.75, 1, 2.5], "texture": "#0"},
				"east": {"uv": [0, 1.75, 0.5, 2.5], "texture": "#0"},
				"south": {"uv": [1.5, 1.75, 2, 2.5], "texture": "#0"},
				"west": {"uv": [1, 1.75, 1.5, 2.5], "texture": "#0"},
				"up": {"uv": [1, 1.75, 0.5, 1.25], "texture": "#0"},
				"down": {"uv": [1.5, 1.25, 1, 1.75], "texture": "#0"}
			}
		},
		{
			"name": "bb_main",
			"from": [-1, 6, -1],
			"to": [1, 9, 1],
			"rotation": {"angle": -45, "axis": "z", "origin": [0, 6, 0]},
			"faces": {
				"north": {"uv": [0.5, 0.5, 1, 1.25], "texture": "#0"},
				"east": {"uv": [0, 0.5, 0.5, 1.25], "texture": "#0"},
				"south": {"uv": [1.5, 0.5, 2, 1.25], "texture": "#0"},
				"west": {"uv": [1, 0.5, 1.5, 1.25], "texture": "#0"},
				"up": {"uv": [1, 0.5, 0.5, 0], "texture": "#0"},
				"down": {"uv": [1.5, 0, 1, 0.5], "texture": "#0"}
			}
		}
	],
	"display": {
		"thirdperson_righthand": {
			"translation": [4, 4, 5],
			"scale": [0.5, 0.5, 0.5]
		},
		"thirdperson_lefthand": {
			"translation": [-4, 3.25, 5],
			"scale": [0.5, 0.5, 0.5]
		},
		"firstperson_righthand": {
			"translation": [12, 4, 0]
		},
		"firstperson_lefthand": {
			"translation": [-4, 4.25, 0]
		},
		"ground": {
			"translation": [8.5, 4.25, 9.25]
		},
		"gui": {
			"translation": [8, 0, 0]
		},
		"head": {
			"translation": [8, 14.25, 7.5]
		},
		"fixed": {
			"rotation": [-90, 0, 0],
			"translation": [15.75, 15.5, -15.5],
			"scale": [2, 2, 2]
		}
	},
	"groups": [
		{
			"name": "bb_main",
			"origin": [0, 0, 0],
			"color": 0,
			"children": [0, 1, 2, 3, 4]
		}
	]
}