{
	"credit": "Made with Blockbench",
	"parent": "indicator",
	"texture_size": [64, 64],
	"textures": {
		"0": "./indicator_uslb",
		"particle": "./indicator_uslb"
	},
	"elements": [
		{
			"from": [6, 0, 6],
			"to": [11, 30, 8],
			"faces": {
				"north": {"uv": [0, 4, 1.25, 11.5], "texture": "#0"},
				"east": {"uv": [2.5, 4, 3, 11.5], "texture": "#0"},
				"south": {"uv": [1.25, 4, 2.5, 11.5], "texture": "#0"},
				"west": {"uv": [3, 4, 3.5, 11.5], "texture": "#0"},
				"up": {"uv": [4.75, 5.5, 3.5, 5], "texture": "#0"},
				"down": {"uv": [6, 5, 4.75, 5.5], "texture": "#0"}
			}
		},
		{
			"from": [-1.75, 16, 4.75],
			"to": [18.25, 24, 6.75],
			"faces": {
				"north": {"uv": [0, 0, 5, 2], "texture": "#0"},
				"east": {"uv": [5, 0, 5.5, 2], "texture": "#0"},
				"south": {"uv": [0, 2, 5, 4], "texture": "#0"},
				"west": {"uv": [5, 2, 5.5, 4], "texture": "#0"},
				"up": {"uv": [8.5, 4.5, 3.5, 4], "texture": "#0"},
				"down": {"uv": [8.5, 4.5, 3.5, 5], "texture": "#0"}
			}
		}
	],
	"display": {
		"thirdperson_righthand": {
			"translation": [0, -2.25, 0]
		},
		"firstperson_righthand": {
			"rotation": [0, 180, 0],
			"translation": [2, -4.25, -8.25]
		},
		"firstperson_lefthand": {
			"rotation": [0, 180, 0],
			"translation": [0.5, -4.5, -8.25]
		},
		"ground": {
			"translation": [0, 3.5, 0]
		},
		"gui": {
			"translation": [0, -3.5, 0],
			"scale": [0.5, 0.5, 0.5]
		},
		"head": {
			"translation": [0, 13.5, 0]
		},
		"fixed": {
			"rotation": [-90, 0, 0],
			"translation": [0, 0, -14.75],
			"scale": [2, 2, 2]
		}
	},
	"groups": [
		{
			"name": "indicator",
			"origin": [8, 8, 8],
			"color": 0,
			"children": [0, 1]
		}
	]
}