{
	"credit": "Made with Blockbench",
	"parent": "trash",
	"texture_size": [64, 64],
	"textures": {
		"0": "trash",
		"particle": "trash"
	},
	"elements": [
		{
			"from": [4, 0, 4],
			"to": [12, 13, 12],
			"rotation": {"angle": 0, "axis": "y", "origin": [7, 0, 7]},
			"faces": {
				"north": {"uv": [0, 0, 2, 3.25], "texture": "#0"},
				"east": {"uv": [2, 0, 4, 3.25], "texture": "#0"},
				"south": {"uv": [0, 3.25, 2, 6.5], "texture": "#0"},
				"west": {"uv": [2, 3.25, 4, 6.5], "texture": "#0"},
				"up": {"uv": [6, 7, 4, 5], "texture": "#0"},
				"down": {"uv": [8, 5, 6, 7], "texture": "#0"}
			}
		},
		{
			"from": [3, 13, 3],
			"to": [13, 14, 13],
			"rotation": {"angle": 0, "axis": "y", "origin": [7, 0, 7]},
			"faces": {
				"north": {"uv": [8.75, 3.25, 11.25, 3.5], "texture": "#0"},
				"east": {"uv": [8.75, 3.5, 11.25, 3.75], "texture": "#0"},
				"south": {"uv": [8.75, 3.75, 11.25, 4], "texture": "#0"},
				"west": {"uv": [8.75, 4, 11.25, 4.25], "texture": "#0"},
				"up": {"uv": [6.5, 2.5, 4, 0], "texture": "#0"},
				"down": {"uv": [6.5, 2.5, 4, 5], "texture": "#0"}
			}
		},
		{
			"from": [7, 14, 6],
			"to": [9, 16, 10],
			"rotation": {"angle": 0, "axis": "y", "origin": [7, 1, 7]},
			"faces": {
				"north": {"uv": [6.5, 4.25, 7, 4.75], "texture": "#0"},
				"east": {"uv": [6.5, 3.25, 7.5, 3.75], "texture": "#0"},
				"south": {"uv": [7, 4.25, 7.5, 4.75], "texture": "#0"},
				"west": {"uv": [6.5, 3.75, 7.5, 4.25], "texture": "#0"},
				"up": {"uv": [8, 4.25, 7.5, 3.25], "texture": "#0"},
				"down": {"uv": [9.25, 4.25, 8.75, 5.25], "texture": "#0"}
			}
		},
		{
			"from": [3.5, 0, 10],
			"to": [4.5, 13, 11],
			"rotation": {"angle": 0, "axis": "y", "origin": [7.5, 0, 7]},
			"faces": {
				"north": {"uv": [0, 6.5, 0.25, 9.75], "texture": "#0"},
				"east": {"uv": [6.5, 0, 6.75, 3.25], "texture": "#0"},
				"south": {"uv": [0.25, 6.5, 0.5, 9.75], "texture": "#0"},
				"west": {"uv": [0.5, 6.5, 0.75, 9.75], "texture": "#0"},
				"up": {"uv": [6.75, 5, 6.5, 4.75], "texture": "#0"},
				"down": {"uv": [7, 4.75, 6.75, 5], "texture": "#0"}
			}
		},
		{
			"from": [3.5, 0, 7.5],
			"to": [4.5, 13, 8.5],
			"rotation": {"angle": 0, "axis": "y", "origin": [7.5, 0, 4.5]},
			"faces": {
				"north": {"uv": [0.75, 6.5, 1, 9.75], "texture": "#0"},
				"east": {"uv": [1, 6.5, 1.25, 9.75], "texture": "#0"},
				"south": {"uv": [1.25, 6.5, 1.5, 9.75], "texture": "#0"},
				"west": {"uv": [1.5, 6.5, 1.75, 9.75], "texture": "#0"},
				"up": {"uv": [7.25, 5, 7, 4.75], "texture": "#0"},
				"down": {"uv": [7.5, 4.75, 7.25, 5], "texture": "#0"}
			}
		},
		{
			"from": [3.5, 0, 5],
			"to": [4.5, 13, 6],
			"rotation": {"angle": 0, "axis": "y", "origin": [7.5, 0, 2]},
			"faces": {
				"north": {"uv": [1.75, 6.5, 2, 9.75], "texture": "#0"},
				"east": {"uv": [2, 6.5, 2.25, 9.75], "texture": "#0"},
				"south": {"uv": [2.25, 6.5, 2.5, 9.75], "texture": "#0"},
				"west": {"uv": [2.5, 6.5, 2.75, 9.75], "texture": "#0"},
				"up": {"uv": [7.75, 4.5, 7.5, 4.25], "texture": "#0"},
				"down": {"uv": [7.75, 4.5, 7.5, 4.75], "texture": "#0"}
			}
		},
		{
			"from": [11.5, 0, 10],
			"to": [12.5, 13, 11],
			"rotation": {"angle": 0, "axis": "x", "origin": [15.5, 0, 7]},
			"faces": {
				"north": {"uv": [2.75, 6.5, 3, 9.75], "texture": "#0"},
				"east": {"uv": [3, 6.5, 3.25, 9.75], "texture": "#0"},
				"south": {"uv": [3.25, 6.5, 3.5, 9.75], "texture": "#0"},
				"west": {"uv": [3.5, 6.5, 3.75, 9.75], "texture": "#0"},
				"up": {"uv": [7.75, 5, 7.5, 4.75], "texture": "#0"},
				"down": {"uv": [8, 4.25, 7.75, 4.5], "texture": "#0"}
			}
		},
		{
			"from": [11.5, 0, 7.5],
			"to": [12.5, 13, 8.5],
			"rotation": {"angle": 0, "axis": "x", "origin": [15.5, 0, 4.5]},
			"faces": {
				"north": {"uv": [3.75, 6.5, 4, 9.75], "texture": "#0"},
				"east": {"uv": [6.75, 0, 7, 3.25], "texture": "#0"},
				"south": {"uv": [7, 0, 7.25, 3.25], "texture": "#0"},
				"west": {"uv": [4, 7, 4.25, 10.25], "texture": "#0"},
				"up": {"uv": [8, 4.75, 7.75, 4.5], "texture": "#0"},
				"down": {"uv": [8, 4.75, 7.75, 5], "texture": "#0"}
			}
		},
		{
			"from": [11.5, 0, 5],
			"to": [12.5, 13, 6],
			"rotation": {"angle": 0, "axis": "x", "origin": [15.5, 0, 2]},
			"faces": {
				"north": {"uv": [4.25, 7, 4.5, 10.25], "texture": "#0"},
				"east": {"uv": [4.5, 7, 4.75, 10.25], "texture": "#0"},
				"south": {"uv": [4.75, 7, 5, 10.25], "texture": "#0"},
				"west": {"uv": [5, 7, 5.25, 10.25], "texture": "#0"},
				"up": {"uv": [9, 5.5, 8.75, 5.25], "texture": "#0"},
				"down": {"uv": [9, 5.5, 8.75, 5.75], "texture": "#0"}
			}
		},
		{
			"from": [10, 0, 11.5],
			"to": [11, 13, 12.5],
			"rotation": {"angle": 0, "axis": "y", "origin": [14, 0, 8.5]},
			"faces": {
				"north": {"uv": [5.25, 7, 5.5, 10.25], "texture": "#0"},
				"east": {"uv": [5.5, 7, 5.75, 10.25], "texture": "#0"},
				"south": {"uv": [5.75, 7, 6, 10.25], "texture": "#0"},
				"west": {"uv": [6, 7, 6.25, 10.25], "texture": "#0"},
				"up": {"uv": [9, 6, 8.75, 5.75], "texture": "#0"},
				"down": {"uv": [9, 6, 8.75, 6.25], "texture": "#0"}
			}
		},
		{
			"from": [7.5, 0, 11.5],
			"to": [8.5, 13, 12.5],
			"rotation": {"angle": 0, "axis": "y", "origin": [11.5, 0, 8.5]},
			"faces": {
				"north": {"uv": [6.25, 7, 6.5, 10.25], "texture": "#0"},
				"east": {"uv": [6.5, 7, 6.75, 10.25], "texture": "#0"},
				"south": {"uv": [6.75, 7, 7, 10.25], "texture": "#0"},
				"west": {"uv": [7, 7, 7.25, 10.25], "texture": "#0"},
				"up": {"uv": [9, 6.5, 8.75, 6.25], "texture": "#0"},
				"down": {"uv": [9, 6.5, 8.75, 6.75], "texture": "#0"}
			}
		},
		{
			"from": [5, 0, 11.5],
			"to": [6, 13, 12.5],
			"rotation": {"angle": 0, "axis": "y", "origin": [9, 0, 8.5]},
			"faces": {
				"north": {"uv": [7.25, 0, 7.5, 3.25], "texture": "#0"},
				"east": {"uv": [7.25, 7, 7.5, 10.25], "texture": "#0"},
				"south": {"uv": [7.5, 0, 7.75, 3.25], "texture": "#0"},
				"west": {"uv": [7.5, 7, 7.75, 10.25], "texture": "#0"},
				"up": {"uv": [9, 7, 8.75, 6.75], "texture": "#0"},
				"down": {"uv": [9, 7, 8.75, 7.25], "texture": "#0"}
			}
		},
		{
			"from": [10, 0, 3.5],
			"to": [11, 13, 4.5],
			"rotation": {"angle": 0, "axis": "y", "origin": [14, 0, 0.5]},
			"faces": {
				"north": {"uv": [7.75, 0, 8, 3.25], "texture": "#0"},
				"east": {"uv": [7.75, 7, 8, 10.25], "texture": "#0"},
				"south": {"uv": [8, 0, 8.25, 3.25], "texture": "#0"},
				"west": {"uv": [8, 3.25, 8.25, 6.5], "texture": "#0"},
				"up": {"uv": [9, 7.5, 8.75, 7.25], "texture": "#0"},
				"down": {"uv": [9, 7.5, 8.75, 7.75], "texture": "#0"}
			}
		},
		{
			"from": [7.5, 0, 3.5],
			"to": [8.5, 13, 4.5],
			"rotation": {"angle": 0, "axis": "y", "origin": [11.5, 0, 0.5]},
			"faces": {
				"north": {"uv": [8, 6.5, 8.25, 9.75], "texture": "#0"},
				"east": {"uv": [8.25, 0, 8.5, 3.25], "texture": "#0"},
				"south": {"uv": [8.25, 3.25, 8.5, 6.5], "texture": "#0"},
				"west": {"uv": [8.25, 6.5, 8.5, 9.75], "texture": "#0"},
				"up": {"uv": [9, 8, 8.75, 7.75], "texture": "#0"},
				"down": {"uv": [9, 8, 8.75, 8.25], "texture": "#0"}
			}
		},
		{
			"from": [5, 0, 3.5],
			"to": [6, 13, 4.5],
			"rotation": {"angle": 0, "axis": "y", "origin": [9, 0, 0.5]},
			"faces": {
				"north": {"uv": [8.5, 0, 8.75, 3.25], "texture": "#0"},
				"east": {"uv": [8.5, 3.25, 8.75, 6.5], "texture": "#0"},
				"south": {"uv": [8.5, 6.5, 8.75, 9.75], "texture": "#0"},
				"west": {"uv": [8.75, 0, 9, 3.25], "texture": "#0"},
				"up": {"uv": [9, 8.5, 8.75, 8.25], "texture": "#0"},
				"down": {"uv": [9, 8.5, 8.75, 8.75], "texture": "#0"}
			}
		}
	],
	"display": {
		"thirdperson_righthand": {
			"translation": [0, 0.75, 0],
			"scale": [0.5, 0.5, 0.5]
		},
		"thirdperson_lefthand": {
			"translation": [0, 1.75, 0],
			"scale": [0.5, 0.5, 0.5]
		},
		"ground": {
			"translation": [0, 4, 0]
		},
		"head": {
			"translation": [0, 13.75, 0]
		},
		"fixed": {
			"rotation": [-90, 0, 0],
			"translation": [0, 0, -16],
			"scale": [2, 2, 2]
		}
	}
}