{
	"credit": "Made with Blockbench",
	"texture_size": [64, 64],
	"textures": {
		"0": "./teg",
		"particle": "./teg"
	},
	"elements": [
		{
			"from": [-8, -4, 6],
			"to": [24, 28, 6],
			"rotation": {"angle": 0, "axis": "y", "origin": [9.5, 8, 14]},
			"faces": {
				"north": {"uv": [0, 0, 8, 8], "texture": "#0"},
				"east": {"uv": [0, 0, 0, 8], "texture": "#0"},
				"south": {"uv": [0, 8, 8, 16], "texture": "#0"},
				"west": {"uv": [0, 0, 0, 8], "texture": "#0"},
				"up": {"uv": [8, 0, 0, 0], "texture": "#0"},
				"down": {"uv": [8, 0, 0, 0], "texture": "#0"}
			}
		}
	],
	"display": {
		"thirdperson_righthand": {
			"rotation": [73, 10, 0],
			"translation": [-6, -3.25, -2.25]
		},
		"thirdperson_lefthand": {
			"rotation": [73, 10, 0],
			"translation": [-6, -3.25, -2.25]
		},
		"firstperson_righthand": {
			"rotation": [0, 7, 3],
			"translation": [0, -10.5, 0.5]
		},
		"firstperson_lefthand": {
			"rotation": [0, 7, 3],
			"translation": [0, -10.5, 0.5]
		},
		"ground": {
			"rotation": [90, 0, 0],
			"translation": [0, -2.5, -2.5]
		},
		"gui": {
			"rotation": [35, 135, 0],
			"translation": [1, -1.5, 0],
			"scale": [0.5, 0.5, 0.5]
		},
		"head": {
			"translation": [0, -26.25, 8.25],
			"scale": [1.66, 1.66, 1.66]
		},
		"fixed": {
			"translation": [0, -6, 2],
			"scale": [2, 2, 2]
		}
	}
}