{
	"credit": "Made with Blockbench",
	"textures": {
		"3": "./timkey"
	},
	"elements": [
		{
			"from": [8, 0, 7.75],
			"to": [16, 8, 8.25],
			"faces": {
				"north": {"uv": [0, 8, 8, 16], "texture": "#3"},
				"east": {"uv": [0, 8, 0.25, 16], "texture": "#missing"},
				"south": {"uv": [13.81705, 0, 16, 2.90233], "texture": "#3"},
				"up": {"uv": [0, 0, 8, 1], "texture": "#missing"},
				"down": {"uv": [8, 15.5, 0, 16], "texture": "#missing"}
			}
		},
		{
			"from": [0, 0, 7.75],
			"to": [8, 8, 8.25],
			"faces": {
				"north": {"uv": [8, 8, 16, 16], "texture": "#3"},
				"south": {"uv": [0, 0, 6.54884, 2.15814], "texture": "#3"},
				"west": {"uv": [15.5, 8, 16, 16], "texture": "#missing"},
				"up": {"uv": [8, 0, 16, 1], "texture": "#missing"},
				"down": {"uv": [16, 15.5, 8, 16], "texture": "#missing"}
			}
		},
		{
			"from": [8, 8, 7.75],
			"to": [16, 16, 8.25],
			"faces": {
				"north": {"uv": [0, 0, 8, 8], "texture": "#3"},
				"east": {"uv": [0, 0, 0.25, 8], "texture": "#missing"},
				"south": {"uv": [0, 0, 2.13333, 2.03411], "texture": "#3"},
				"up": {"uv": [8, 0, 0, 0.5], "texture": "#missing"},
				"down": {"uv": [0, 15, 8, 16], "texture": "#missing"}
			}
		},
		{
			"from": [0, 8, 7.75],
			"to": [8, 16, 8.25],
			"faces": {
				"north": {"uv": [8, 0, 16, 8], "texture": "#3"},
				"south": {"uv": [0, 0, 1.83566, 1.78605], "texture": "#3"},
				"west": {"uv": [15.5, 0, 16, 8], "texture": "#missing"},
				"up": {"uv": [16, 0, 8, 0.5], "texture": "#missing"},
				"down": {"uv": [8, 15, 16, 16], "texture": "#missing"}
			}
		}
	],
	"display": {
		"thirdperson_righthand": {
			"rotation": [90, 90, 0],
			"translation": [0, -1, -3]
		},
		"thirdperson_lefthand": {
			"rotation": [90, 90, 0],
			"translation": [0, -1, -3]
		},
		"firstperson_righthand": {
			"rotation": [10, 115, -15],
			"translation": [0, 1, 1],
			"scale": [0.65, 0.65, 0.65]
		},
		"firstperson_lefthand": {
			"rotation": [10, 115, -15],
			"translation": [0, 1, 1],
			"scale": [0.65, 0.65, 0.65]
		},
		"ground": {
			"rotation": [90, 0, 0],
			"translation": [0, -1, 0]
		},
		"gui": {
			"rotation": [0, -180, 0],
			"scale": [0.8, 0.8, 0.8]
		},
		"fixed": {
			"translation": [-16, 16, 0.98],
			"scale": [4, 4, 4]
		}
	}
}