{
	"credit": "Made with Blockbench",
	"parent": "fanta",
	"texture_size": [128, 128],
	"textures": {
		"0": "./laminat_statue",
		"particle": "./laminat_statue"
	},
	"elements": [
		{
			"name": "botl",
			"from": [4.2, 5.6, 4],
			"to": [7.2, 11.6, 7],
			"rotation": {"angle": -45, "axis": "x", "origin": [0, 0, 0]},
			"faces": {
				"north": {"uv": [7.75, 7.875, 8.125, 8.625], "texture": "#0"},
				"east": {"uv": [7.375, 7.875, 7.75, 8.625], "texture": "#0"},
				"south": {"uv": [8.5, 7.875, 8.875, 8.625], "texture": "#0"},
				"west": {"uv": [8.125, 7.875, 8.5, 8.625], "texture": "#0"},
				"up": {"uv": [8.125, 7.875, 7.75, 7.5], "texture": "#0"},
				"down": {"uv": [8.5, 7.5, 8.125, 7.875], "texture": "#0"}
			}
		},
		{
			"name": "botl",
			"from": [4.3, 10.7, 4.1],
			"to": [7.1, 11.7, 6.9],
			"rotation": {"angle": -45, "axis": "x", "origin": [0, 0, 0]},
			"faces": {
				"north": {"uv": [0.25, 3.5, 0.5, 3.625], "texture": "#0"},
				"east": {"uv": [0, 3.5, 0.25, 3.625], "texture": "#0"},
				"south": {"uv": [0.75, 3.5, 1, 3.625], "texture": "#0"},
				"west": {"uv": [0.5, 3.5, 0.75, 3.625], "texture": "#0"},
				"up": {"uv": [0.5, 3.5, 0.25, 3.25], "texture": "#0"},
				"down": {"uv": [0.75, 3.25, 0.5, 3.5], "texture": "#0"}
			}
		},
		{
			"name": "botl",
			"from": [4.3, 5.5, 4.1],
			"to": [7.1, 6.5, 6.9],
			"rotation": {"angle": -45, "axis": "x", "origin": [0, 0, 0]},
			"faces": {
				"north": {"uv": [0.25, 3.125, 0.5, 3.25], "texture": "#0"},
				"east": {"uv": [0, 3.125, 0.25, 3.25], "texture": "#0"},
				"south": {"uv": [0.75, 3.125, 1, 3.25], "texture": "#0"},
				"west": {"uv": [0.5, 3.125, 0.75, 3.25], "texture": "#0"},
				"up": {"uv": [0.5, 3.125, 0.25, 2.875], "texture": "#0"},
				"down": {"uv": [0.75, 2.875, 0.5, 3.125], "texture": "#0"}
			}
		}
	],
	"display": {
		"thirdperson_righthand": {
			"rotation": [47.75, 0, 0],
			"translation": [2.25, -9, 5.25]
		},
		"thirdperson_lefthand": {
			"rotation": [42.75, 0, 0],
			"translation": [-2, -9, 5.75]
		},
		"firstperson_righthand": {
			"rotation": [-43, 180, 0],
			"translation": [2.75, -15.75, -24.5],
			"scale": [2, 2, 2]
		},
		"firstperson_lefthand": {
			"rotation": [-43, 180, 0],
			"translation": [3.75, -3.25, -7.75]
		},
		"ground": {
			"rotation": [46, 0, 0],
			"translation": [3.25, -11, 8.25],
			"scale": [1.5, 1.5, 1.5]
		},
		"gui": {
			"rotation": [-46, 180, 0],
			"translation": [-3.5, -9.75, 0],
			"scale": [1.5, 1.5, 1]
		},
		"fixed": {
			"rotation": [-45, 0, 0],
			"translation": [5, 10.75, 11.5],
			"scale": [2, 2, 2]
		}
	},
	"groups": [
		{
			"name": "botl",
			"origin": [6.2, 16.6, -5],
			"rotation": [-90, 0, 0],
			"color": 6,
			"children": [0, 1, 2]
		}
	]
}