{
	"credit": "Made with Blockbench",
	"parent": "propeler",
	"texture_size": [64, 64],
	"textures": {
		"0": "propeler",
		"particle": "propeler"
	},
	"elements": [
		{
			"from": [1.5, 0, 2],
			"to": [14.5, 5, 14],
			"faces": {
				"north": {"uv": [3.25, 0, 6.5, 1.25], "texture": "#0"},
				"east": {"uv": [3.25, 5, 6.25, 6.25], "texture": "#0"},
				"south": {"uv": [3.25, 1.25, 6.5, 2.5], "texture": "#0"},
				"west": {"uv": [0, 6, 3, 7.25], "texture": "#0"},
				"up": {"uv": [3.25, 3, 0, 0], "texture": "#0"},
				"down": {"uv": [3.25, 3, 0, 6], "texture": "#0"}
			}
		},
		{
			"from": [14.5, 0, -4],
			"to": [14.5, 2, 2],
			"faces": {
				"north": {"uv": [0, 0, 0, 0.5], "texture": "#0"},
				"east": {"uv": [6.25, 7, 7.75, 7.5], "texture": "#0"},
				"south": {"uv": [0, 0, 0, 0.5], "texture": "#0"},
				"west": {"uv": [0, 7.25, 1.5, 7.75], "texture": "#0"},
				"up": {"uv": [0, 1.5, 0, 0], "texture": "#0"},
				"down": {"uv": [0, 0, 0, 1.5], "texture": "#0"}
			}
		},
		{
			"from": [1.5, 0, -4],
			"to": [1.5, 2, 2],
			"faces": {
				"north": {"uv": [0, 0, 0, 0.5], "texture": "#0"},
				"east": {"uv": [1.5, 7.25, 3, 7.75], "texture": "#0"},
				"south": {"uv": [0, 0, 0, 0.5], "texture": "#0"},
				"west": {"uv": [3, 7.25, 4.5, 7.75], "texture": "#0"},
				"up": {"uv": [0, 1.5, 0, 0], "texture": "#0"},
				"down": {"uv": [0, 0, 0, 1.5], "texture": "#0"}
			}
		},
		{
			"from": [1.5, 2, -4],
			"to": [14.5, 2, 1],
			"faces": {
				"north": {"uv": [0, 0, 3.25, 0], "texture": "#0"},
				"east": {"uv": [0, 0, 1.25, 0], "texture": "#0"},
				"south": {"uv": [0, 0, 3.25, 0], "texture": "#0"},
				"west": {"uv": [0, 0, 1.25, 0], "texture": "#0"},
				"up": {"uv": [6.5, 3.75, 3.25, 2.5], "texture": "#0"},
				"down": {"uv": [6.5, 3.75, 3.25, 5], "texture": "#0"}
			}
		},
		{
			"from": [1.5, 2, 1],
			"to": [14.5, 5, 2],
			"faces": {
				"north": {"uv": [3, 6.25, 6.25, 7], "texture": "#0"},
				"east": {"uv": [5.5, 7.25, 5.75, 8], "texture": "#0"},
				"south": {"uv": [6.25, 5, 9.5, 5.75], "texture": "#0"},
				"west": {"uv": [5.75, 7.25, 6, 8], "texture": "#0"},
				"up": {"uv": [9.75, 5, 6.5, 4.75], "texture": "#0"},
				"down": {"uv": [9.5, 6.5, 6.25, 6.75], "texture": "#0"}
			}
		},
		{
			"from": [1.5, 2, 1],
			"to": [14.5, 5, 2],
			"faces": {
				"north": {"uv": [6.25, 5.75, 9.5, 6.5], "texture": "#0"},
				"east": {"uv": [6, 7.25, 6.25, 8], "texture": "#0"},
				"south": {"uv": [6.5, 0, 9.75, 0.75], "texture": "#0"},
				"west": {"uv": [7.5, 2.5, 7.75, 3.25], "texture": "#0"},
				"up": {"uv": [9.5, 7, 6.25, 6.75], "texture": "#0"},
				"down": {"uv": [6.25, 7, 3, 7.25], "texture": "#0"}
			}
		},
		{
			"from": [7.75, 5, 7],
			"to": [8.75, 8, 8],
			"faces": {
				"north": {"uv": [7.5, 3.25, 7.75, 4], "texture": "#0"},
				"east": {"uv": [7.5, 4, 7.75, 4.75], "texture": "#0"},
				"south": {"uv": [4.5, 7.5, 4.75, 8.25], "texture": "#0"},
				"west": {"uv": [4.75, 7.5, 5, 8.25], "texture": "#0"},
				"up": {"uv": [3.25, 6.25, 3, 6], "texture": "#0"},
				"down": {"uv": [5.25, 7.5, 5, 7.75], "texture": "#0"}
			}
		},
		{
			"from": [3.75, 7, 8],
			"to": [7.75, 8, 12],
			"faces": {
				"north": {"uv": [4.5, 7.25, 5.5, 7.5], "texture": "#0"},
				"east": {"uv": [7.5, 0.75, 8.5, 1], "texture": "#0"},
				"south": {"uv": [7.5, 1, 8.5, 1.25], "texture": "#0"},
				"west": {"uv": [7.5, 1.25, 8.5, 1.5], "texture": "#0"},
				"up": {"uv": [7.5, 1.75, 6.5, 0.75], "texture": "#0"},
				"down": {"uv": [7.5, 1.75, 6.5, 2.75], "texture": "#0"}
			}
		},
		{
			"from": [8.75, 7, 3],
			"to": [12.75, 8, 7],
			"faces": {
				"north": {"uv": [7.5, 1.5, 8.5, 1.75], "texture": "#0"},
				"east": {"uv": [7.5, 1.75, 8.5, 2], "texture": "#0"},
				"south": {"uv": [7.5, 2, 8.5, 2.25], "texture": "#0"},
				"west": {"uv": [7.5, 2.25, 8.5, 2.5], "texture": "#0"},
				"up": {"uv": [7.5, 3.75, 6.5, 2.75], "texture": "#0"},
				"down": {"uv": [7.5, 3.75, 6.5, 4.75], "texture": "#0"}
			}
		}
	],
	"display": {
		"thirdperson_righthand": {
			"translation": [0, 2.75, 0],
			"scale": [0.5, 0.5, 0.5]
		},
		"thirdperson_lefthand": {
			"translation": [0, 2.5, 1.75],
			"scale": [0.5, 0.5, 0.5]
		},
		"gui": {
			"rotation": [89, 180, 0],
			"translation": [0, 3.25, 0]
		},
		"head": {
			"translation": [0, 11.25, 0.5]
		},
		"fixed": {
			"rotation": [-90, 0, 0],
			"translation": [0, 0, -7]
		}
	}
}