{
	"credit": "Made with Blockbench",
	"parent": "ogan_face",
	"texture_size": [64, 64],
	"textures": {
		"2": "./ogan_face",
		"particle": "./ogan_face"
	},
	"elements": [
		{
			"from": [1, 0, 0],
			"to": [15, 14, 1],
			"faces": {
				"north": {"uv": [0, 0, 4, 4], "texture": "#2"},
				"east": {"uv": [4, 3, 4.25, 7], "texture": "#2"},
				"south": {"uv": [0, 4, 4, 8], "texture": "#2"},
				"west": {"uv": [4.25, 3, 4.5, 7], "texture": "#2"},
				"up": {"uv": [8.5, 3.25, 4.5, 3], "texture": "#2"},
				"down": {"uv": [8.5, 3.25, 4.5, 3.5], "texture": "#2"}
			}
		},
		{
			"from": [0.75, 6, 1],
			"to": [1.75, 8, 14],
			"faces": {
				"north": {"uv": [5.5, 4, 5.75, 4.5], "texture": "#2"},
				"east": {"uv": [4, 1, 7.25, 1.5], "texture": "#2"},
				"south": {"uv": [5.5, 4.5, 5.75, 5], "texture": "#2"},
				"west": {"uv": [4, 1.5, 7.25, 2], "texture": "#2"},
				"up": {"uv": [4.75, 7.25, 4.5, 4], "texture": "#2"},
				"down": {"uv": [5, 4, 4.75, 7.25], "texture": "#2"}
			}
		},
		{
			"from": [14, 6, 1],
			"to": [15, 8, 14],
			"faces": {
				"north": {"uv": [5.5, 5, 5.75, 5.5], "texture": "#2"},
				"east": {"uv": [4, 2, 7.25, 2.5], "texture": "#2"},
				"south": {"uv": [5.5, 5.5, 5.75, 6], "texture": "#2"},
				"west": {"uv": [4, 2.5, 7.25, 3], "texture": "#2"},
				"up": {"uv": [5.25, 7.25, 5, 4], "texture": "#2"},
				"down": {"uv": [5.5, 4, 5.25, 7.25], "texture": "#2"}
			}
		},
		{
			"from": [1, 6, 13.5],
			"to": [15, 8, 14.5],
			"faces": {
				"north": {"uv": [4, 0, 7.5, 0.5], "texture": "#2"},
				"east": {"uv": [5.75, 4, 6, 4.5], "texture": "#2"},
				"south": {"uv": [4, 0.5, 7.5, 1], "texture": "#2"},
				"west": {"uv": [5.75, 4.5, 6, 5], "texture": "#2"},
				"up": {"uv": [8, 3.75, 4.5, 3.5], "texture": "#2"},
				"down": {"uv": [8, 3.75, 4.5, 4], "texture": "#2"}
			}
		}
	],
	"display": {
		"thirdperson_righthand": {
			"translation": [0, 0, 3.75],
			"scale": [0.5, 0.5, 0.5]
		},
		"thirdperson_lefthand": {
			"translation": [0, 0, 3.25],
			"scale": [0.5, 0.5, 0.5]
		},
		"firstperson_righthand": {
			"rotation": [0, 1, 0],
			"translation": [4, 0.5, -7.5]
		},
		"firstperson_lefthand": {
			"translation": [-0.75, 1.5, -5.25]
		},
		"ground": {
			"rotation": [20, 0, 0],
			"translation": [0, -0.25, 1],
			"scale": [0.6, 0.6, 0.6]
		},
		"gui": {
			"rotation": [21, 144, 0],
			"translation": [0, 2.5, 0],
			"scale": [0.8, 0.8, 0.7]
		},
		"head": {
			"translation": [0, 0.75, 0.75]
		},
		"fixed": {
			"rotation": [-65, 0, 0],
			"translation": [0, 4.5, -5.5],
			"scale": [1.6, 1.6, 1.6]
		}
	}
}