{
	"credit": "Made with Blockbench",
	"parent": "straw",
	"texture_size": [128, 128],
	"textures": {
		"0": "./anor_statue",
		"particle": "./anor_statue"
	},
	"elements": [
		{
			"name": "head",
			"from": [-2.5, 24.5, -12],
			"to": [-0.5, 24.5, -7],
			"rotation": {"angle": -22.5, "axis": "x", "origin": [0, 33, -4]},
			"faces": {
				"north": {"uv": [3, 4, 3.25, 4], "texture": "#missing"},
				"east": {"uv": [2.375, 4, 3, 4], "texture": "#missing"},
				"south": {"uv": [3.875, 4, 4.125, 4], "texture": "#missing"},
				"west": {"uv": [3.25, 4, 3.875, 4], "texture": "#missing"},
				"up": {"uv": [3.25, 4, 3, 3.375], "texture": "#0"},
				"down": {"uv": [3.25, 3.375, 3, 4], "texture": "#0"}
			}
		}
	],
	"display": {
		"thirdperson_righthand": {
			"translation": [9.25, -15.5, 13.25]
		},
		"thirdperson_lefthand": {
			"translation": [-8.75, -15, 13]
		},
		"firstperson_righthand": {
			"translation": [17, -32, 24],
			"scale": [2, 2, 2]
		},
		"firstperson_lefthand": {
			"translation": [-7.5, -43, 8],
			"scale": [2, 2, 2]
		},
		"gui": {
			"rotation": [42, 180, 0],
			"translation": [-26.75, -6, 0],
			"scale": [3, 3, 3]
		},
		"head": {
			"translation": [8, -20.25, 5.5]
		}
	}
}