{
	"credit": "Made with Blockbench",
	"parent": "danya_hat",
	"texture_size": [128, 128],
	"textures": {
		"0": "./danya_statue",
		"particle": "./danya_statue"
	},
	"elements": [
		{
			"name": "hat",
			"from": [-4.1, 28.5, -4.1],
			"to": [4.1, 30, 4.1],
			"rotation": {"angle": 0, "axis": "y", "origin": [0, -2, 0]},
			"faces": {
				"north": {"uv": [4, 5.625, 5, 5.75], "texture": "#0"},
				"east": {"uv": [3, 5.625, 4, 5.75], "texture": "#0"},
				"south": {"uv": [6, 5.625, 7, 5.75], "texture": "#0"},
				"west": {"uv": [5, 5.625, 6, 5.75], "texture": "#0"},
				"up": {"uv": [5, 5.625, 4, 4.625], "texture": "#0"},
				"down": {"uv": [6, 4.625, 5, 5.625], "texture": "#0"}
			}
		},
		{
			"name": "hat",
			"from": [-4.2, 30, -4.7],
			"to": [4.2, 31, 4.2],
			"rotation": {"angle": 0, "axis": "y", "origin": [0, -2, 0]},
			"faces": {
				"north": {"uv": [5, 4.5, 6, 4.625], "texture": "#0"},
				"east": {"uv": [4, 4.5, 5, 4.625], "texture": "#0"},
				"south": {"uv": [7, 4.5, 8, 4.625], "texture": "#0"},
				"west": {"uv": [6, 4.5, 7, 4.625], "texture": "#0"},
				"up": {"uv": [6, 4.5, 5, 3.5], "texture": "#0"},
				"down": {"uv": [7, 3.5, 6, 4.5], "texture": "#0"}
			}
		},
		{
			"name": "hat",
			"from": [-4, 29, -8.7],
			"to": [4, 30, -6.7],
			"rotation": {"angle": -22.5, "axis": "x", "origin": [0, 36.1, -4]},
			"faces": {
				"north": {"uv": [7.25, 3.75, 8.25, 3.875], "texture": "#0"},
				"east": {"uv": [7, 3.75, 7.25, 3.875], "texture": "#0"},
				"south": {"uv": [8.5, 3.75, 9.5, 3.875], "texture": "#0"},
				"west": {"uv": [8.25, 3.75, 8.5, 3.875], "texture": "#0"},
				"up": {"uv": [8.25, 3.75, 7.25, 3.5], "texture": "#0"},
				"down": {"uv": [9.25, 3.5, 8.25, 3.75], "texture": "#0"}
			}
		}
	],
	"display": {
		"thirdperson_righthand": {
			"translation": [8.75, -21.25, 10.5]
		},
		"thirdperson_lefthand": {
			"translation": [-7, -20.5, 10]
		},
		"firstperson_righthand": {
			"translation": [6.25, -18, 7]
		},
		"firstperson_lefthand": {
			"translation": [-8.5, -19, 5.25]
		},
		"ground": {
			"translation": [7.75, -22.5, 9]
		},
		"gui": {
			"translation": [16.25, -43, 0],
			"scale": [2, 2, 2]
		},
		"head": {
			"translation": [12.75, -24.75, 12.75],
			"scale": [1.6, 1.5, 1.6]
		},
		"fixed": {
			"rotation": [-90, 0, 0],
			"translation": [11.75, 12.5, 29],
			"scale": [1.5, 1.5, 1.5]
		}
	},
	"groups": [
		{
			"name": "hat",
			"origin": [0, 38.1, 0],
			"color": 3,
			"children": [0, 1, 2]
		}
	]
}