{
	"credit": "Made with Blockbench",
	"parent": "SpaceAnor",
	"texture_size": [64, 64],
	"textures": {
		"0": "./spaceanor",
		"particle": "./spaceanor"
	},
	"elements": [
		{
			"from": [14, -16, 6],
			"to": [18, -14, 10],
			"faces": {
				"north": {"uv": [9.5, 5.5, 10.5, 6], "texture": "#0"},
				"east": {"uv": [11, 5, 12, 5.5], "texture": "#0"},
				"south": {"uv": [8.5, 13.5, 9.5, 14], "texture": "#0"},
				"west": {"uv": [13.5, 9, 14.5, 9.5], "texture": "#0"},
				"up": {"uv": [12, 5, 11, 4], "texture": "#0"},
				"down": {"uv": [10.5, 12.5, 9.5, 13.5], "texture": "#0"}
			}
		},
		{
			"from": [6, -16, 6],
			"to": [10, -14, 10],
			"faces": {
				"north": {"uv": [9.5, 13.5, 10.5, 14], "texture": "#0"},
				"east": {"uv": [13.5, 9.5, 14.5, 10], "texture": "#0"},
				"south": {"uv": [13.5, 10, 14.5, 10.5], "texture": "#0"},
				"west": {"uv": [12.5, 13.5, 13.5, 14], "texture": "#0"},
				"up": {"uv": [14, 1, 13, 0], "texture": "#0"},
				"down": {"uv": [14, 1, 13, 2], "texture": "#0"}
			}
		},
		{
			"from": [-2, -16, 6],
			"to": [2, -14, 10],
			"faces": {
				"north": {"uv": [13.5, 13.5, 14.5, 14], "texture": "#0"},
				"east": {"uv": [0, 14, 1, 14.5], "texture": "#0"},
				"south": {"uv": [14, 0, 15, 0.5], "texture": "#0"},
				"west": {"uv": [14, 0.5, 15, 1], "texture": "#0"},
				"up": {"uv": [14, 3, 13, 2], "texture": "#0"},
				"down": {"uv": [14, 3, 13, 4], "texture": "#0"}
			}
		},
		{
			"from": [4, -14, 4],
			"to": [12, 11, 12],
			"faces": {
				"north": {"uv": [0, 0, 2, 6.25], "texture": "#0"},
				"east": {"uv": [2, 0, 4, 6.25], "texture": "#0"},
				"south": {"uv": [4, 0, 6, 6.25], "texture": "#0"},
				"west": {"uv": [6, 0, 8, 6.25], "texture": "#0"},
				"up": {"uv": [13, 2, 11, 0], "texture": "#0"},
				"down": {"uv": [13, 2, 11, 4], "texture": "#0"}
			}
		},
		{
			"from": [13, -14, 5],
			"to": [19, 11, 11],
			"faces": {
				"north": {"uv": [0, 6.25, 1.5, 12.5], "texture": "#0"},
				"east": {"uv": [1.5, 6.25, 3, 12.5], "texture": "#0"},
				"south": {"uv": [3, 6.25, 4.5, 12.5], "texture": "#0"},
				"west": {"uv": [4.5, 6.25, 6, 12.5], "texture": "#0"},
				"up": {"uv": [13.5, 7.5, 12, 6], "texture": "#0"},
				"down": {"uv": [13.5, 7.5, 12, 9], "texture": "#0"}
			}
		},
		{
			"from": [-3, -14, 5],
			"to": [3, 11, 11],
			"faces": {
				"north": {"uv": [6, 6.25, 7.5, 12.5], "texture": "#0"},
				"east": {"uv": [7.5, 6.25, 9, 12.5], "texture": "#0"},
				"south": {"uv": [8, 0, 9.5, 6.25], "texture": "#0"},
				"west": {"uv": [9, 6.25, 10.5, 12.5], "texture": "#0"},
				"up": {"uv": [13.5, 10.5, 12, 9], "texture": "#0"},
				"down": {"uv": [1.5, 12.5, 0, 14], "texture": "#0"}
			}
		},
		{
			"from": [4, 22, 4],
			"to": [12, 26, 12],
			"faces": {
				"north": {"uv": [7.5, 12.5, 9.5, 13.5], "texture": "#0"},
				"east": {"uv": [12.5, 10.5, 14.5, 11.5], "texture": "#0"},
				"south": {"uv": [12.5, 11.5, 14.5, 12.5], "texture": "#0"},
				"west": {"uv": [12.5, 12.5, 14.5, 13.5], "texture": "#0"},
				"up": {"uv": [12.5, 13, 10.5, 11], "texture": "#0"},
				"down": {"uv": [14, 4, 12, 6], "texture": "#0"}
			}
		},
		{
			"from": [5, 11, 5],
			"to": [11, 22, 11],
			"faces": {
				"north": {"uv": [9.5, 0, 11, 2.75], "texture": "#0"},
				"east": {"uv": [9.5, 2.75, 11, 5.5], "texture": "#0"},
				"south": {"uv": [10.5, 5.5, 12, 8.25], "texture": "#0"},
				"west": {"uv": [10.5, 8.25, 12, 11], "texture": "#0"},
				"up": {"uv": [3, 14, 1.5, 12.5], "texture": "#0"},
				"down": {"uv": [4.5, 12.5, 3, 14], "texture": "#0"}
			}
		},
		{
			"from": [5, 26, 5],
			"to": [11, 27, 11],
			"faces": {
				"north": {"uv": [1, 14, 2.5, 14.25], "texture": "#0"},
				"east": {"uv": [14, 1, 15.5, 1.25], "texture": "#0"},
				"south": {"uv": [14, 1.25, 15.5, 1.5], "texture": "#0"},
				"west": {"uv": [14, 1.5, 15.5, 1.75], "texture": "#0"},
				"up": {"uv": [6, 14, 4.5, 12.5], "texture": "#0"},
				"down": {"uv": [7.5, 12.5, 6, 14], "texture": "#0"}
			}
		},
		{
			"from": [6, 27, 6],
			"to": [10, 28, 10],
			"faces": {
				"north": {"uv": [9.5, 6, 10.5, 6.25], "texture": "#0"},
				"east": {"uv": [14, 1.75, 15, 2], "texture": "#0"},
				"south": {"uv": [14, 2, 15, 2.25], "texture": "#0"},
				"west": {"uv": [14, 2.25, 15, 2.5], "texture": "#0"},
				"up": {"uv": [11.5, 14, 10.5, 13], "texture": "#0"},
				"down": {"uv": [12.5, 13, 11.5, 14], "texture": "#0"}
			}
		},
		{
			"from": [14, 11, 6],
			"to": [18, 12, 10],
			"faces": {
				"north": {"uv": [2.5, 14, 3.5, 14.25], "texture": "#0"},
				"east": {"uv": [14, 2.5, 15, 2.75], "texture": "#0"},
				"south": {"uv": [14, 2.75, 15, 3], "texture": "#0"},
				"west": {"uv": [14, 3, 15, 3.25], "texture": "#0"},
				"up": {"uv": [14.5, 7, 13.5, 6], "texture": "#0"},
				"down": {"uv": [14.5, 7, 13.5, 8], "texture": "#0"}
			}
		},
		{
			"from": [-2, 11, 6],
			"to": [2, 12, 10],
			"faces": {
				"north": {"uv": [14, 3.25, 15, 3.5], "texture": "#0"},
				"east": {"uv": [3.5, 14, 4.5, 14.25], "texture": "#0"},
				"south": {"uv": [14, 3.5, 15, 3.75], "texture": "#0"},
				"west": {"uv": [14, 3.75, 15, 4], "texture": "#0"},
				"up": {"uv": [8.5, 14.5, 7.5, 13.5], "texture": "#0"},
				"down": {"uv": [14.5, 8, 13.5, 9], "texture": "#0"}
			}
		}
	],
	"display": {
		"thirdperson_righthand": {
			"translation": [0, 4.75, 0.5],
			"scale": [0.5, 0.5, 0.5]
		},
		"thirdperson_lefthand": {
			"translation": [0, 5.5, 0],
			"scale": [0.5, 0.5, 0.5]
		},
		"firstperson_righthand": {
			"rotation": [0, 180, 0],
			"translation": [2.25, 7, -4],
			"scale": [0.5, 0.5, 0.5]
		},
		"firstperson_lefthand": {
			"rotation": [0, 180, 0],
			"translation": [0.75, 7.25, -3.75],
			"scale": [0.5, 0.5, 0.5]
		},
		"ground": {
			"translation": [0, 9.5, 0],
			"scale": [0.5, 0.5, 0.5]
		},
		"gui": {
			"scale": [0.5, 0.5, 0.5]
		},
		"head": {
			"translation": [0, 27.25, 0]
		},
		"fixed": {
			"rotation": [-90, 0, 0],
			"translation": [0, 0, -72.25],
			"scale": [3, 3, 3]
		}
	}
}