{
	"credit": "Made with Blockbench",
	"parent": "snowanor",
	"texture_size": [128, 128],
	"textures": {
		"0": "./snowanor",
		"particle": "./snowanor"
	},
	"elements": [
		{
			"name": "bb_main",
			"from": [-7, 0, -7],
			"to": [6, 10, 6],
			"faces": {
				"north": {"uv": [1.625, 1.625, 3.25, 2.875], "texture": "#0"},
				"east": {"uv": [0, 1.625, 1.625, 2.875], "texture": "#0"},
				"south": {"uv": [4.875, 1.625, 6.5, 2.875], "texture": "#0"},
				"west": {"uv": [3.25, 1.625, 4.875, 2.875], "texture": "#0"},
				"up": {"uv": [3.25, 1.625, 1.625, 0], "texture": "#0"},
				"down": {"uv": [4.875, 0, 3.25, 1.625], "texture": "#0"}
			}
		},
		{
			"name": "bb_main",
			"from": [-6, 9, -6],
			"to": [6, 21, 5],
			"rotation": {"angle": 0, "axis": "z", "origin": [0, 9, 0]},
			"faces": {
				"north": {"uv": [1.375, 4.25, 2.875, 5.75], "texture": "#0"},
				"east": {"uv": [0, 4.25, 1.375, 5.75], "texture": "#0"},
				"south": {"uv": [4.25, 4.25, 5.75, 5.75], "texture": "#0"},
				"west": {"uv": [2.875, 4.25, 4.25, 5.75], "texture": "#0"},
				"up": {"uv": [2.875, 4.25, 1.375, 2.875], "texture": "#0"},
				"down": {"uv": [4.375, 2.875, 2.875, 4.25], "texture": "#0"}
			}
		},
		{
			"name": "bb_main",
			"from": [-5, 20, -5],
			"to": [5, 30, 4],
			"rotation": {"angle": 0, "axis": "x", "origin": [0, 21, 0]},
			"faces": {
				"north": {"uv": [5.75, 5.75, 7, 7], "texture": "#0"},
				"east": {"uv": [4.625, 5.75, 5.75, 7], "texture": "#0"},
				"south": {"uv": [8.125, 5.75, 9.375, 7], "texture": "#0"},
				"west": {"uv": [7, 5.75, 8.125, 7], "texture": "#0"},
				"up": {"uv": [7, 5.75, 5.75, 4.625], "texture": "#0"},
				"down": {"uv": [8.25, 4.625, 7, 5.75], "texture": "#0"}
			}
		},
		{
			"name": "bb_main",
			"from": [5, 15, 0],
			"to": [15, 16, 1],
			"rotation": {"angle": 22.5, "axis": "z", "origin": [4, 15, 2]},
			"faces": {
				"north": {"uv": [4.5, 3.25, 5.75, 3.375], "texture": "#0"},
				"east": {"uv": [4.375, 3.25, 4.5, 3.375], "texture": "#0"},
				"south": {"uv": [5.875, 3.25, 7.125, 3.375], "texture": "#0"},
				"west": {"uv": [5.75, 3.25, 5.875, 3.375], "texture": "#0"},
				"up": {"uv": [5.75, 3.25, 4.5, 3.125], "texture": "#0"},
				"down": {"uv": [7, 3.125, 5.75, 3.25], "texture": "#0"}
			}
		},
		{
			"name": "bb_main",
			"from": [-15.60307, 15.5798, -2],
			"to": [-5.60307, 16.5798, -1],
			"rotation": {"angle": -22.5, "axis": "z", "origin": [-6, 15, 2]},
			"faces": {
				"north": {"uv": [4.5, 3, 5.75, 3.125], "texture": "#0"},
				"east": {"uv": [4.375, 3, 4.5, 3.125], "texture": "#0"},
				"south": {"uv": [5.875, 3, 7.125, 3.125], "texture": "#0"},
				"west": {"uv": [5.75, 3, 5.875, 3.125], "texture": "#0"},
				"up": {"uv": [5.75, 3, 4.5, 2.875], "texture": "#0"},
				"down": {"uv": [7, 2.875, 5.75, 3], "texture": "#0"}
			}
		}
	],
	"display": {
		"thirdperson_righthand": {
			"translation": [4.75, 0, 4],
			"scale": [0.5, 0.5, 0.5]
		},
		"thirdperson_lefthand": {
			"translation": [-4.75, 0, 4],
			"scale": [0.5, 0.5, 0.5]
		},
		"firstperson_righthand": {
			"rotation": [0, 180, 0],
			"translation": [-7.5, 0, -2.5],
			"scale": [0.5, 0.5, 0.5]
		},
		"firstperson_lefthand": {
			"rotation": [0, 180, 0],
			"translation": [1, 0, -2.5],
			"scale": [0.5, 0.5, 0.5]
		},
		"ground": {
			"translation": [9.75, 1.75, 7]
		},
		"gui": {
			"rotation": [0, 180, 0],
			"translation": [-8, 0, 0]
		},
		"head": {
			"translation": [16, -28, 16.25],
			"scale": [2, 2, 2]
		},
		"fixed": {
			"rotation": [-90, 0, 0],
			"translation": [16.5, 16.25, -13.5],
			"scale": [2, 2, 2]
		}
	},
	"groups": [
		{
			"name": "bb_main",
			"origin": [0, 0, 0],
			"color": 0,
			"children": [0, 1, 2, 3, 4]
		}
	]
}