{
	"credit": "Made with Blockbench",
	"parent": "papaxa",
	"texture_size": [64, 64],
	"textures": {
		"0": "papaxa"
	},
	"elements": [
		{
			"name": "helmet",
			"from": [2.9, 0, 3.9],
			"to": [11.1, 9, 12.1],
			"rotation": {"angle": 0, "axis": "y", "origin": [0, -21, 0]},
			"faces": {
				"north": {"uv": [2, 2, 4, 4.25], "texture": "#0"},
				"east": {"uv": [0, 2, 2, 4.25], "texture": "#0"},
				"south": {"uv": [6, 2, 8, 4.25], "texture": "#0"},
				"west": {"uv": [4, 2, 6, 4.25], "texture": "#0"},
				"up": {"uv": [4, 2, 2, 0], "texture": "#0"},
				"down": {"uv": [6, 0, 4, 2], "texture": "#0"}
			}
		},
		{
			"name": "helmet",
			"from": [3, -0.72792, -6.41421],
			"to": [11, -0.72792, -5.41421],
			"rotation": {"angle": -45, "axis": "x", "origin": [0, 12, -4]},
			"faces": {
				"north": {"uv": [8, 4.75, 10, 4.75], "texture": "#0"},
				"east": {"uv": [7.75, 4.75, 8, 4.75], "texture": "#0"},
				"south": {"uv": [10.25, 4.75, 12.25, 4.75], "texture": "#0"},
				"west": {"uv": [10, 4.75, 10.25, 4.75], "texture": "#0"},
				"up": {"uv": [10, 4.75, 8, 4.5], "texture": "#0"},
				"down": {"uv": [12, 4.5, 10, 4.75], "texture": "#0"}
			}
		},
		{
			"name": "helmet",
			"from": [3, 0.27208, -6.41421],
			"to": [11, 0.27208, -5.41421],
			"rotation": {"angle": -45, "axis": "x", "origin": [0, 13, -4]},
			"faces": {
				"north": {"uv": [8, 4.5, 10, 4.5], "texture": "#0"},
				"east": {"uv": [7.75, 4.5, 8, 4.5], "texture": "#0"},
				"south": {"uv": [10.25, 4.5, 12.25, 4.5], "texture": "#0"},
				"west": {"uv": [10, 4.5, 10.25, 4.5], "texture": "#0"},
				"up": {"uv": [10, 4.5, 8, 4.25], "texture": "#0"},
				"down": {"uv": [12, 4.25, 10, 4.5], "texture": "#0"}
			}
		},
		{
			"name": "helmet",
			"from": [3, 2.27208, -6.41421],
			"to": [11, 2.27208, -5.41421],
			"rotation": {"angle": -45, "axis": "x", "origin": [0, 15, -4]},
			"faces": {
				"north": {"uv": [4.25, 8, 6.25, 8], "texture": "#0"},
				"east": {"uv": [4, 8, 4.25, 8], "texture": "#0"},
				"south": {"uv": [6.5, 8, 8.5, 8], "texture": "#0"},
				"west": {"uv": [6.25, 8, 6.5, 8], "texture": "#0"},
				"up": {"uv": [6.25, 8, 4.25, 7.75], "texture": "#0"},
				"down": {"uv": [8.25, 7.75, 6.25, 8], "texture": "#0"}
			}
		},
		{
			"name": "helmet",
			"from": [3, 4.27208, -6.41421],
			"to": [11, 4.27208, -5.41421],
			"rotation": {"angle": -45, "axis": "x", "origin": [0, 17, -4]},
			"faces": {
				"north": {"uv": [4.25, 7.75, 6.25, 7.75], "texture": "#0"},
				"east": {"uv": [4, 7.75, 4.25, 7.75], "texture": "#0"},
				"south": {"uv": [6.5, 7.75, 8.5, 7.75], "texture": "#0"},
				"west": {"uv": [6.25, 7.75, 6.5, 7.75], "texture": "#0"},
				"up": {"uv": [6.25, 7.75, 4.25, 7.5], "texture": "#0"},
				"down": {"uv": [8.25, 7.5, 6.25, 7.75], "texture": "#0"}
			}
		},
		{
			"name": "helmet",
			"from": [3, 6.27208, -6.41421],
			"to": [11, 6.27208, -5.41421],
			"rotation": {"angle": -45, "axis": "x", "origin": [0, 19, -4]},
			"faces": {
				"north": {"uv": [4.25, 7.5, 6.25, 7.5], "texture": "#0"},
				"east": {"uv": [4, 7.5, 4.25, 7.5], "texture": "#0"},
				"south": {"uv": [6.5, 7.5, 8.5, 7.5], "texture": "#0"},
				"west": {"uv": [6.25, 7.5, 6.5, 7.5], "texture": "#0"},
				"up": {"uv": [6.25, 7.5, 4.25, 7.25], "texture": "#0"},
				"down": {"uv": [8.25, 7.25, 6.25, 7.5], "texture": "#0"}
			}
		},
		{
			"name": "helmet",
			"from": [16.02082, 15.87868, 4],
			"to": [17.02082, 15.87868, 12],
			"rotation": {"angle": -45, "axis": "z", "origin": [4, 18, 0]},
			"faces": {
				"north": {"uv": [8, 2, 8.25, 2], "texture": "#0"},
				"east": {"uv": [6, 2, 8, 2], "texture": "#0"},
				"south": {"uv": [10.25, 2, 10.5, 2], "texture": "#0"},
				"west": {"uv": [8.25, 2, 10.25, 2], "texture": "#0"},
				"up": {"uv": [8.25, 2, 8, 0], "texture": "#0"},
				"down": {"uv": [8.5, 0, 8.25, 2], "texture": "#0"}
			}
		},
		{
			"name": "helmet",
			"from": [16.02082, 13.87868, 4],
			"to": [17.02082, 13.87868, 12],
			"rotation": {"angle": -45, "axis": "z", "origin": [4, 16, 0]},
			"faces": {
				"north": {"uv": [7.5, 2, 7.75, 2], "texture": "#0"},
				"east": {"uv": [5.5, 2, 7.5, 2], "texture": "#0"},
				"south": {"uv": [9.75, 2, 10, 2], "texture": "#0"},
				"west": {"uv": [7.75, 2, 9.75, 2], "texture": "#0"},
				"up": {"uv": [7.75, 2, 7.5, 0], "texture": "#0"},
				"down": {"uv": [8, 0, 7.75, 2], "texture": "#0"}
			}
		},
		{
			"name": "helmet",
			"from": [16.02082, 11.87868, 4],
			"to": [17.02082, 11.87868, 12],
			"rotation": {"angle": -45, "axis": "z", "origin": [4, 14, 0]},
			"faces": {
				"north": {"uv": [7, 2, 7.25, 2], "texture": "#0"},
				"east": {"uv": [5, 2, 7, 2], "texture": "#0"},
				"south": {"uv": [9.25, 2, 9.5, 2], "texture": "#0"},
				"west": {"uv": [7.25, 2, 9.25, 2], "texture": "#0"},
				"up": {"uv": [7.25, 2, 7, 0], "texture": "#0"},
				"down": {"uv": [7.5, 0, 7.25, 2], "texture": "#0"}
			}
		},
		{
			"name": "helmet",
			"from": [16.02082, 10.87868, 4],
			"to": [17.02082, 10.87868, 12],
			"rotation": {"angle": -45, "axis": "z", "origin": [4, 13, 0]},
			"faces": {
				"north": {"uv": [6.5, 6.25, 6.75, 6.25], "texture": "#0"},
				"east": {"uv": [4.5, 6.25, 6.5, 6.25], "texture": "#0"},
				"south": {"uv": [8.75, 6.25, 9, 6.25], "texture": "#0"},
				"west": {"uv": [6.75, 6.25, 8.75, 6.25], "texture": "#0"},
				"up": {"uv": [6.75, 6.25, 6.5, 4.25], "texture": "#0"},
				"down": {"uv": [7, 4.25, 6.75, 6.25], "texture": "#0"}
			}
		},
		{
			"name": "helmet",
			"from": [16.02082, 8.87868, 4],
			"to": [17.02082, 8.87868, 12],
			"rotation": {"angle": -45, "axis": "z", "origin": [4, 11, 0]},
			"faces": {
				"north": {"uv": [6, 6.25, 6.25, 6.25], "texture": "#0"},
				"east": {"uv": [4, 6.25, 6, 6.25], "texture": "#0"},
				"south": {"uv": [8.25, 6.25, 8.5, 6.25], "texture": "#0"},
				"west": {"uv": [6.25, 6.25, 8.25, 6.25], "texture": "#0"},
				"up": {"uv": [6.25, 6.25, 6, 4.25], "texture": "#0"},
				"down": {"uv": [6.5, 4.25, 6.25, 6.25], "texture": "#0"}
			}
		},
		{
			"name": "helmet",
			"from": [3, 17.58579, 16.72792],
			"to": [11, 17.58579, 17.72792],
			"rotation": {"angle": 45, "axis": "x", "origin": [0, 19, 4]},
			"faces": {
				"north": {"uv": [0.25, 7.5, 2.25, 7.5], "texture": "#0"},
				"east": {"uv": [0, 7.5, 0.25, 7.5], "texture": "#0"},
				"south": {"uv": [2.5, 7.5, 4.5, 7.5], "texture": "#0"},
				"west": {"uv": [2.25, 7.5, 2.5, 7.5], "texture": "#0"},
				"up": {"uv": [2.25, 7.5, 0.25, 7.25], "texture": "#0"},
				"down": {"uv": [4.25, 7.25, 2.25, 7.5], "texture": "#0"}
			}
		},
		{
			"name": "helmet",
			"from": [3, 15.58579, 16.72792],
			"to": [11, 15.58579, 17.72792],
			"rotation": {"angle": 45, "axis": "x", "origin": [0, 17, 4]},
			"faces": {
				"north": {"uv": [0.25, 7.25, 2.25, 7.25], "texture": "#0"},
				"east": {"uv": [0, 7.25, 0.25, 7.25], "texture": "#0"},
				"south": {"uv": [2.5, 7.25, 4.5, 7.25], "texture": "#0"},
				"west": {"uv": [2.25, 7.25, 2.5, 7.25], "texture": "#0"},
				"up": {"uv": [2.25, 7.25, 0.25, 7], "texture": "#0"},
				"down": {"uv": [4.25, 7, 2.25, 7.25], "texture": "#0"}
			}
		},
		{
			"name": "helmet",
			"from": [3, 14.58579, 16.72792],
			"to": [11, 14.58579, 17.72792],
			"rotation": {"angle": 45, "axis": "x", "origin": [0, 16, 4]},
			"faces": {
				"north": {"uv": [4.25, 7, 6.25, 7], "texture": "#0"},
				"east": {"uv": [4, 7, 4.25, 7], "texture": "#0"},
				"south": {"uv": [6.5, 7, 8.5, 7], "texture": "#0"},
				"west": {"uv": [6.25, 7, 6.5, 7], "texture": "#0"},
				"up": {"uv": [6.25, 7, 4.25, 6.75], "texture": "#0"},
				"down": {"uv": [8.25, 6.75, 6.25, 7], "texture": "#0"}
			}
		},
		{
			"name": "helmet",
			"from": [3, 13.58579, 16.72792],
			"to": [11, 13.58579, 17.72792],
			"rotation": {"angle": 45, "axis": "x", "origin": [0, 15, 4]},
			"faces": {
				"north": {"uv": [0.25, 7, 2.25, 7], "texture": "#0"},
				"east": {"uv": [0, 7, 0.25, 7], "texture": "#0"},
				"south": {"uv": [2.5, 7, 4.5, 7], "texture": "#0"},
				"west": {"uv": [2.25, 7, 2.5, 7], "texture": "#0"},
				"up": {"uv": [2.25, 7, 0.25, 6.75], "texture": "#0"},
				"down": {"uv": [4.25, 6.75, 2.25, 7], "texture": "#0"}
			}
		},
		{
			"name": "helmet",
			"from": [3, 11.58579, 16.72792],
			"to": [11, 11.58579, 17.72792],
			"rotation": {"angle": 45, "axis": "x", "origin": [0, 13, 4]},
			"faces": {
				"north": {"uv": [0.25, 6.75, 2.25, 6.75], "texture": "#0"},
				"east": {"uv": [0, 6.75, 0.25, 6.75], "texture": "#0"},
				"south": {"uv": [2.5, 6.75, 4.5, 6.75], "texture": "#0"},
				"west": {"uv": [2.25, 6.75, 2.5, 6.75], "texture": "#0"},
				"up": {"uv": [2.25, 6.75, 0.25, 6.5], "texture": "#0"},
				"down": {"uv": [4.25, 6.5, 2.25, 6.75], "texture": "#0"}
			}
		},
		{
			"name": "helmet",
			"from": [3, 9.58579, 16.72792],
			"to": [11, 9.58579, 17.72792],
			"rotation": {"angle": 45, "axis": "x", "origin": [0, 11, 4]},
			"faces": {
				"north": {"uv": [0.25, 6.5, 2.25, 6.5], "texture": "#0"},
				"east": {"uv": [0, 6.5, 0.25, 6.5], "texture": "#0"},
				"south": {"uv": [2.5, 6.5, 4.5, 6.5], "texture": "#0"},
				"west": {"uv": [2.25, 6.5, 2.5, 6.5], "texture": "#0"},
				"up": {"uv": [2.25, 6.5, 0.25, 6.25], "texture": "#0"},
				"down": {"uv": [4.25, 6.25, 2.25, 6.5], "texture": "#0"}
			}
		},
		{
			"name": "helmet",
			"from": [-7.12132, 6.97918, 4],
			"to": [-6.12132, 6.97918, 12],
			"rotation": {"angle": 45, "axis": "z", "origin": [-4, 19, 0]},
			"faces": {
				"north": {"uv": [5.5, 6.25, 5.75, 6.25], "texture": "#0"},
				"east": {"uv": [3.5, 6.25, 5.5, 6.25], "texture": "#0"},
				"south": {"uv": [7.75, 6.25, 8, 6.25], "texture": "#0"},
				"west": {"uv": [5.75, 6.25, 7.75, 6.25], "texture": "#0"},
				"up": {"uv": [5.75, 6.25, 5.5, 4.25], "texture": "#0"},
				"down": {"uv": [6, 4.25, 5.75, 6.25], "texture": "#0"}
			}
		},
		{
			"name": "helmet",
			"from": [-7.12132, 5.97918, 4],
			"to": [-6.12132, 5.97918, 12],
			"rotation": {"angle": 45, "axis": "z", "origin": [-4, 18, 0]},
			"faces": {
				"north": {"uv": [5, 6.25, 5.25, 6.25], "texture": "#0"},
				"east": {"uv": [3, 6.25, 5, 6.25], "texture": "#0"},
				"south": {"uv": [7.25, 6.25, 7.5, 6.25], "texture": "#0"},
				"west": {"uv": [5.25, 6.25, 7.25, 6.25], "texture": "#0"},
				"up": {"uv": [5.25, 6.25, 5, 4.25], "texture": "#0"},
				"down": {"uv": [5.5, 4.25, 5.25, 6.25], "texture": "#0"}
			}
		},
		{
			"name": "helmet",
			"from": [-7.12132, 3.97918, 4],
			"to": [-6.12132, 3.97918, 12],
			"rotation": {"angle": 45, "axis": "z", "origin": [-4, 16, 0]},
			"faces": {
				"north": {"uv": [4, 6.25, 4.25, 6.25], "texture": "#0"},
				"east": {"uv": [2, 6.25, 4, 6.25], "texture": "#0"},
				"south": {"uv": [6.25, 6.25, 6.5, 6.25], "texture": "#0"},
				"west": {"uv": [4.25, 6.25, 6.25, 6.25], "texture": "#0"},
				"up": {"uv": [4.25, 6.25, 4, 4.25], "texture": "#0"},
				"down": {"uv": [4.5, 4.25, 4.25, 6.25], "texture": "#0"}
			}
		},
		{
			"name": "helmet",
			"from": [-7.12132, 1.97918, 4],
			"to": [-6.12132, 1.97918, 12],
			"rotation": {"angle": 45, "axis": "z", "origin": [-4, 14, 0]},
			"faces": {
				"north": {"uv": [3, 6.25, 3.25, 6.25], "texture": "#0"},
				"east": {"uv": [1, 6.25, 3, 6.25], "texture": "#0"},
				"south": {"uv": [5.25, 6.25, 5.5, 6.25], "texture": "#0"},
				"west": {"uv": [3.25, 6.25, 5.25, 6.25], "texture": "#0"},
				"up": {"uv": [3.25, 6.25, 3, 4.25], "texture": "#0"},
				"down": {"uv": [3.5, 4.25, 3.25, 6.25], "texture": "#0"}
			}
		},
		{
			"name": "helmet",
			"from": [-7.12132, -1.02082, 4],
			"to": [-6.12132, -1.02082, 12],
			"rotation": {"angle": 45, "axis": "z", "origin": [-4, 11, 0]},
			"faces": {
				"north": {"uv": [6, 2, 6.25, 2], "texture": "#0"},
				"east": {"uv": [4, 2, 6, 2], "texture": "#0"},
				"south": {"uv": [8.25, 2, 8.5, 2], "texture": "#0"},
				"west": {"uv": [6.25, 2, 8.25, 2], "texture": "#0"},
				"up": {"uv": [6.25, 2, 6, 0], "texture": "#0"},
				"down": {"uv": [6.5, 0, 6.25, 2], "texture": "#0"}
			}
		}
	],
	"display": {
		"thirdperson_righthand": {
			"translation": [0, 6, 0]
		},
		"thirdperson_lefthand": {
			"translation": [0, 6.5, 0]
		},
		"firstperson_righthand": {
			"translation": [-0.25, 9, -2.5]
		},
		"firstperson_lefthand": {
			"translation": [-2.5, 9.25, -2.5]
		},
		"ground": {
			"translation": [0, 3.5, 1]
		},
		"gui": {
			"rotation": [0, 30, 0],
			"translation": [1, 2.75, 0]
		},
		"head": {
			"rotation": [0, 0, -5.5],
			"translation": [3.5, 17.5, 0],
			"scale": [2, 2, 2]
		},
		"fixed": {
			"rotation": [-90, 0, 0],
			"translation": [0, 0, -6.25]
		}
	},
	"groups": [
		{
			"name": "root_item",
			"origin": [0, 3, 0],
			"color": 0,
			"children": [
				{
					"name": "helmet",
					"origin": [0, 11, 0],
					"rotation": [0, 0, -5],
					"color": 1,
					"children": [0, 1, 2, 3, 4, 5, 6, 7, 8, 9, 10, 11, 12, 13, 14, 15, 16, 17, 18, 19, 20, 21]
				}
			]
		}
	]
}