{
	"credit": "Made with Blockbench",
	"parent": "flag",
	"texture_size": [128, 128],
	"textures": {
		"1": "./cr",
		"particle": "./cr"
	},
	"elements": [
		{
			"name": "bb_main",
			"from": [-1, -16, -1],
			"to": [1, 32, 1],
			"faces": {
				"north": {"uv": [0.25, 3.625, 0.5, 9.625], "texture": "#1"},
				"east": {"uv": [0, 3.625, 0.25, 9.625], "texture": "#1"},
				"south": {"uv": [0.75, 3.625, 1, 9.625], "texture": "#1"},
				"west": {"uv": [0.5, 3.625, 0.75, 9.625], "texture": "#1"},
				"up": {"uv": [0.5, 3.625, 0.25, 3.375], "texture": "#1"},
				"down": {"uv": [0.75, 3.375, 0.5, 3.625], "texture": "#1"}
			}
		},
		{
			"name": "move",
			"from": [-1, 21, 1],
			"to": [1, 32, 17],
			"faces": {
				"north": {"uv": [2, 2, 2.25, 3.375], "texture": "#missing"},
				"east": {"uv": [0, 2, 2, 3.375], "texture": "#1"},
				"south": {"uv": [4.25, 2, 4.5, 3.375], "texture": "#1"},
				"west": {"uv": [2.25, 2, 4.25, 3.375], "texture": "#1"},
				"up": {"uv": [2.25, 2, 2, 0], "texture": "#1"},
				"down": {"uv": [2.5, 0, 2.25, 2], "texture": "#1"}
			}
		}
	],
	"display": {
		"thirdperson_righthand": {
			"rotation": [0, 180, 0],
			"translation": [-8, 11.25, -6]
		},
		"thirdperson_lefthand": {
			"rotation": [10, 180, 0],
			"translation": [8, 7.25, -4.75]
		},
		"firstperson_righthand": {
			"rotation": [2, -180, 0],
			"translation": [-2.75, 0, -10.75]
		},
		"firstperson_lefthand": {
			"rotation": [0, 180, 0],
			"translation": [10.5, -1.75, -10.25]
		},
		"ground": {
			"rotation": [0, 0, 90],
			"translation": [-1, 6.75, 0]
		},
		"gui": {
			"rotation": [0, 91, 0]
		},
		"head": {
			"rotation": [0, 180, 0],
			"translation": [-8.25, 11.75, -8]
		},
		"fixed": {
			"rotation": [-90, -90, 0],
			"translation": [-16.5, 15, -47.75],
			"scale": [2, 2, 2]
		}
	},
	"groups": [
		{
			"name": "bb_main",
			"origin": [0, 0, 0],
			"color": 0,
			"children": [
				0,
				{
					"name": "move",
					"origin": [0, 36, 1],
					"color": 1,
					"children": [1]
				}
			]
		}
	]
}