{
	"credit": "Made with Blockbench",
	"parent": "plant",
	"texture_size": [64, 64],
	"textures": {
		"0": "./plant",
		"particle": "./plant"
	},
	"elements": [
		{
			"name": "pot",
			"from": [-4, 0, -4],
			"to": [4, 4, 4],
			"faces": {
				"north": {"uv": [2, 2, 4, 3], "texture": "#0"},
				"east": {"uv": [0, 2, 2, 3], "texture": "#0"},
				"south": {"uv": [6, 2, 8, 3], "texture": "#0"},
				"west": {"uv": [4, 2, 6, 3], "texture": "#0"},
				"up": {"uv": [4, 2, 2, 0], "texture": "#0"},
				"down": {"uv": [6, 0, 4, 2], "texture": "#0"}
			}
		},
		{
			"name": "pot",
			"from": [3, 3, -5],
			"to": [5, 5, 5],
			"faces": {
				"north": {"uv": [2.5, 5.5, 3, 6], "texture": "#0"},
				"east": {"uv": [0, 5.5, 2.5, 6], "texture": "#0"},
				"south": {"uv": [5.5, 5.5, 6, 6], "texture": "#0"},
				"west": {"uv": [3, 5.5, 5.5, 6], "texture": "#0"},
				"up": {"uv": [3, 5.5, 2.5, 3], "texture": "#0"},
				"down": {"uv": [3.5, 3, 3, 5.5], "texture": "#0"}
			}
		},
		{
			"name": "pot",
			"from": [-5, 3, -5],
			"to": [-3, 5, 5],
			"faces": {
				"north": {"uv": [6, 6, 6.5, 6.5], "texture": "#0"},
				"east": {"uv": [3.5, 6, 6, 6.5], "texture": "#0"},
				"south": {"uv": [9, 6, 9.5, 6.5], "texture": "#0"},
				"west": {"uv": [6.5, 6, 9, 6.5], "texture": "#0"},
				"up": {"uv": [6.5, 6, 6, 3.5], "texture": "#0"},
				"down": {"uv": [7, 3.5, 6.5, 6], "texture": "#0"}
			}
		},
		{
			"name": "pot",
			"from": [-3, 3, -5],
			"to": [3, 5, -3],
			"faces": {
				"north": {"uv": [7.5, 5.5, 9, 6], "texture": "#0"},
				"east": {"uv": [7, 5.5, 7.5, 6], "texture": "#0"},
				"south": {"uv": [9.5, 5.5, 11, 6], "texture": "#0"},
				"west": {"uv": [9, 5.5, 9.5, 6], "texture": "#0"},
				"up": {"uv": [9, 5.5, 7.5, 5], "texture": "#0"},
				"down": {"uv": [10.5, 5, 9, 5.5], "texture": "#0"}
			}
		},
		{
			"name": "pot",
			"from": [-3, 3, 3],
			"to": [3, 5, 5],
			"faces": {
				"north": {"uv": [7.5, 4.5, 9, 5], "texture": "#0"},
				"east": {"uv": [7, 4.5, 7.5, 5], "texture": "#0"},
				"south": {"uv": [9.5, 4.5, 11, 5], "texture": "#0"},
				"west": {"uv": [9, 4.5, 9.5, 5], "texture": "#0"},
				"up": {"uv": [9, 4.5, 7.5, 4], "texture": "#0"},
				"down": {"uv": [10.5, 4, 9, 4.5], "texture": "#0"}
			}
		},
		{
			"name": "plant",
			"from": [-1, 4, -1],
			"to": [1, 9, 1],
			"rotation": {"angle": 0, "axis": "y", "origin": [0, 4, 0]},
			"faces": {
				"north": {"uv": [0.5, 0.5, 1, 1.75], "texture": "#0"},
				"east": {"uv": [0, 0.5, 0.5, 1.75], "texture": "#0"},
				"south": {"uv": [1.5, 0.5, 2, 1.75], "texture": "#0"},
				"west": {"uv": [1, 0.5, 1.5, 1.75], "texture": "#0"},
				"up": {"uv": [1, 0.5, 0.5, 0], "texture": "#0"},
				"down": {"uv": [1.5, 0, 1, 0.5], "texture": "#0"}
			}
		},
		{
			"name": "plant",
			"from": [-1.75888, 8.83044, -1],
			"to": [0.24112, 11.83044, 1],
			"rotation": {"angle": 0, "axis": "x", "origin": [0, 9, 0]},
			"faces": {
				"north": {"uv": [0.5, 3.5, 1, 4.25], "texture": "#0"},
				"east": {"uv": [0, 3.5, 0.5, 4.25], "texture": "#0"},
				"south": {"uv": [1.5, 3.5, 2, 4.25], "texture": "#0"},
				"west": {"uv": [1, 3.5, 1.5, 4.25], "texture": "#0"},
				"up": {"uv": [1, 3.5, 0.5, 3], "texture": "#0"},
				"down": {"uv": [1.5, 3, 1, 3.5], "texture": "#0"}
			}
		},
		{
			"name": "plant",
			"from": [-0.5, 9, -1],
			"to": [1.5, 19, 1],
			"rotation": {"angle": -22.5, "axis": "z", "origin": [0, 9, 0]},
			"faces": {
				"north": {"uv": [7.5, 7, 8, 9.5], "texture": "#0"},
				"east": {"uv": [7, 7, 7.5, 9.5], "texture": "#0"},
				"south": {"uv": [8.5, 7, 9, 9.5], "texture": "#0"},
				"west": {"uv": [8, 7, 8.5, 9.5], "texture": "#0"},
				"up": {"uv": [8, 7, 7.5, 6.5], "texture": "#0"},
				"down": {"uv": [8.5, 6.5, 8, 7], "texture": "#0"}
			}
		},
		{
			"name": "plant",
			"from": [-2, 11.7, -1],
			"to": [0, 23.7, 1],
			"rotation": {"angle": 0, "axis": "x", "origin": [-1, 11, 0]},
			"faces": {
				"north": {"uv": [5.5, 7, 6, 10], "texture": "#0"},
				"east": {"uv": [5, 7, 5.5, 10], "texture": "#0"},
				"south": {"uv": [6.5, 7, 7, 10], "texture": "#0"},
				"west": {"uv": [6, 7, 6.5, 10], "texture": "#0"},
				"up": {"uv": [6, 7, 5.5, 6.5], "texture": "#0"},
				"down": {"uv": [6.5, 6.5, 6, 7], "texture": "#0"}
			}
		},
		{
			"name": "plant",
			"from": [-1, 22, -1],
			"to": [1, 32, 1],
			"rotation": {"angle": 22.5, "axis": "z", "origin": [0, 24, 0]},
			"faces": {
				"north": {"uv": [0.5, 7.5, 1, 10], "texture": "#0"},
				"east": {"uv": [0, 7.5, 0.5, 10], "texture": "#0"},
				"south": {"uv": [1.5, 7.5, 2, 10], "texture": "#0"},
				"west": {"uv": [1, 7.5, 1.5, 10], "texture": "#0"},
				"up": {"uv": [1, 7.5, 0.5, 7], "texture": "#0"},
				"down": {"uv": [1.5, 7, 1, 7.5], "texture": "#0"}
			}
		},
		{
			"name": "plant",
			"from": [0.1, 20, -1],
			"to": [2.1, 32, 1],
			"rotation": {"angle": -22.5, "axis": "z", "origin": [0, 24, 0]},
			"faces": {
				"north": {"uv": [3.5, 7, 4, 10], "texture": "#0"},
				"east": {"uv": [3, 7, 3.5, 10], "texture": "#0"},
				"south": {"uv": [4.5, 7, 5, 10], "texture": "#0"},
				"west": {"uv": [4, 7, 4.5, 10], "texture": "#0"},
				"up": {"uv": [4, 7, 3.5, 6.5], "texture": "#0"},
				"down": {"uv": [4.5, 6.5, 4, 7], "texture": "#0"}
			}
		},
		{
			"name": "leaves",
			"from": [3.9, 30.4, -2.4],
			"to": [8.9, 30.4, 1.6],
			"rotation": {"angle": -45, "axis": "z", "origin": [4, 30, 0]},
			"faces": {
				"north": {"uv": [1, 7, 2.25, 7], "texture": "#0"},
				"east": {"uv": [0, 7, 1, 7], "texture": "#0"},
				"south": {"uv": [3.25, 7, 4.5, 7], "texture": "#0"},
				"west": {"uv": [2.25, 7, 3.25, 7], "texture": "#0"},
				"up": {"uv": [2.25, 7, 1, 6], "texture": "#0"},
				"down": {"uv": [3.5, 6, 2.25, 7], "texture": "#0"}
			}
		},
		{
			"name": "leaves",
			"from": [-5.6, 18.8, -0.9],
			"to": [-0.4, 18.8, 2.3],
			"rotation": {"angle": 22.5, "axis": "z", "origin": [0, 19, 0]},
			"faces": {
				"north": {"uv": [6, 2, 7.25, 2], "texture": "#0"},
				"east": {"uv": [5.25, 2, 6, 2], "texture": "#0"},
				"south": {"uv": [8, 2, 9.25, 2], "texture": "#0"},
				"west": {"uv": [7.25, 2, 8, 2], "texture": "#0"},
				"up": {"uv": [7.25, 2, 6, 1.25], "texture": "#0"},
				"down": {"uv": [8.5, 1.25, 7.25, 2], "texture": "#0"}
			}
		},
		{
			"name": "leaves",
			"from": [-3.5, 32, -7.3],
			"to": [0.8, 32, 0.8],
			"rotation": {"angle": -22.5, "axis": "x", "origin": [-1, 32, 0]},
			"faces": {
				"north": {"uv": [3.5, 5, 4.5, 5], "texture": "#0"},
				"east": {"uv": [1.5, 5, 3.5, 5], "texture": "#0"},
				"south": {"uv": [6.5, 5, 7.5, 5], "texture": "#0"},
				"west": {"uv": [4.5, 5, 6.5, 5], "texture": "#0"},
				"up": {"uv": [4.5, 5, 3.5, 3], "texture": "#0"},
				"down": {"uv": [5.5, 3, 4.5, 5], "texture": "#0"}
			}
		},
		{
			"name": "leaves",
			"from": [3.44789, 31, -7.11016],
			"to": [7.74789, 31, 0.98984],
			"rotation": {"angle": 0, "axis": "x", "origin": [7, 33, 0]},
			"faces": {
				"north": {"uv": [3.5, 5, 4.5, 5], "texture": "#0"},
				"east": {"uv": [1.5, 5, 3.5, 5], "texture": "#0"},
				"south": {"uv": [6.5, 5, 7.5, 5], "texture": "#0"},
				"west": {"uv": [4.5, 5, 6.5, 5], "texture": "#0"},
				"up": {"uv": [4.5, 5, 3.5, 3], "texture": "#0"},
				"down": {"uv": [5.5, 3, 4.5, 5], "texture": "#0"}
			}
		},
		{
			"name": "leaves",
			"from": [-5.36478, 7.67678, -0.9],
			"to": [-0.16478, 7.67678, 2.3],
			"rotation": {"angle": 0, "axis": "y", "origin": [0, 8, 0]},
			"faces": {
				"north": {"uv": [6, 2, 7.25, 2], "texture": "#0"},
				"east": {"uv": [5.25, 2, 6, 2], "texture": "#0"},
				"south": {"uv": [8, 2, 9.25, 2], "texture": "#0"},
				"west": {"uv": [7.25, 2, 8, 2], "texture": "#0"},
				"up": {"uv": [7.25, 2, 6, 1.25], "texture": "#0"},
				"down": {"uv": [8.5, 1.25, 7.25, 2], "texture": "#0"}
			}
		},
		{
			"name": "leaves",
			"from": [3, 15.9, -2.7],
			"to": [8, 15.9, 1.3],
			"rotation": {"angle": -45, "axis": "z", "origin": [4, 17, 0]},
			"faces": {
				"north": {"uv": [7, 4, 8.25, 4], "texture": "#0"},
				"east": {"uv": [6, 4, 7, 4], "texture": "#0"},
				"south": {"uv": [9.25, 4, 10.5, 4], "texture": "#0"},
				"west": {"uv": [8.25, 4, 9.25, 4], "texture": "#0"},
				"up": {"uv": [8.25, 4, 7, 3], "texture": "#0"},
				"down": {"uv": [9.5, 3, 8.25, 4], "texture": "#0"}
			}
		},
		{
			"name": "leaves",
			"from": [2, 17.8, -3.7],
			"to": [9, 17.8, 1.3],
			"rotation": {"angle": -22.5, "axis": "z", "origin": [4, 17, 0]},
			"faces": {
				"north": {"uv": [6, 1.25, 7.75, 1.25], "texture": "#0"},
				"east": {"uv": [4.75, 1.25, 6, 1.25], "texture": "#0"},
				"south": {"uv": [9, 1.25, 10.75, 1.25], "texture": "#0"},
				"west": {"uv": [7.75, 1.25, 9, 1.25], "texture": "#0"},
				"up": {"uv": [7.75, 1.25, 6, 0], "texture": "#0"},
				"down": {"uv": [9.5, 0, 7.75, 1.25], "texture": "#0"}
			}
		}
	],
	"display": {
		"thirdperson_righthand": {
			"translation": [4, 0.25, 3.75],
			"scale": [0.5, 0.5, 0.5]
		},
		"thirdperson_lefthand": {
			"translation": [-3.75, 2.5, 5],
			"scale": [0.5, 0.5, 0.5]
		},
		"firstperson_righthand": {
			"translation": [7.75, -1.25, 0]
		},
		"firstperson_lefthand": {
			"translation": [-1.75, -2.75, 0]
		},
		"ground": {
			"translation": [7.75, 1.5, 8.5]
		},
		"gui": {
			"translation": [4.25, -3.75, 0],
			"scale": [0.5, 0.5, 1]
		},
		"head": {
			"translation": [8, 13.25, 8.25]
		},
		"fixed": {
			"rotation": [-90, 0, 0],
			"translation": [14.25, 14.75, -14.5],
			"scale": [2, 2, 2]
		}
	},
	"groups": [
		{
			"name": "pot",
			"origin": [0, 0, 0],
			"color": 0,
			"children": [0, 1, 2, 3, 4]
		},
		{
			"name": "plant",
			"origin": [0, 4, 0],
			"color": 1,
			"children": [
				5,
				6,
				7,
				8,
				9,
				10,
				{
					"name": "leaves",
					"origin": [0, 4, 0],
					"color": 2,
					"children": [11, 12, 13, 14, 15, 16, 17]
				}
			]
		}
	]
}